HA,sequence
B/VICTORIA/304/2006,--------------ADRICTGITSSNSPHVVKTATQGEVNVTGVIPLTTTPTKSHFANLKGTETRGKLCPKCLNCTDLDVALGRPKCTGNIPSARVSILHEVRPVTSGCFPIMHDRTKIRQLPNLLRGYEHIRLSTHNVINAENAPGGPYKIGTSGSCPNVTNGNGFFATMAWAVPKNDNNKTATNSLTIEVPYICTEGEDQITVWGFHSDTETQMAKLYGDSKPQKFTSSANGVTTHYVSQIGDFPNQTEDGGLPQSGRIVVDYMVQKSGKTGTITYQRGILLPQKVWCASGRSKVIKGSLPLIGEADCLHEKYGGLNKSKPYYTGEH
B/HONGKONG/45/2005,---------------DRICTGITSSNSPHVVKTATQGEVNVTGVIPLTTTPTKSHFANLKGTETRGKLCPKCLNCTDLDVALGRPKCTGNIPSARVSILHEVRPVTSGCFPIMHDRTKIRQLPNLLRGYEHIRLSTHNVINAENAPGGPYKIGTSGSCPNVTNGNGFFATMAWAVPKNDNNKTATNSLTIEVPYICTEGEDQITVWGFHSDNEAQMAKLYGDSKPQKFTSSANGVTTHYVSQIGGFPNQTEDGGLPQSGRIVVDYMVQKSGKTGTITYQRGILLPQKVWCASGRSKVIKGSLPLIGEADCLHEKYGGLNKSKPYYTGEH
B/HONGKONG/335/2001,---------------DRICTGITSSNSPHVVKTATQGEVNVTGVIPLTTTPTKSHFANLKGTKTRGKLCPKCLNCTDLDVALGRPKCTGNIPSAKVSILHEVRPVTSGCFPIMHDRTKIRQLPNLLRGYERIRLSNHNVINAEKAPGGPYKIGTSGSCPNVTNGNGFFATMAWAVPKNENNKTATNSLTIEVPYICTEGEDQITVWGFHSDNEAQMAKLYGDSKPQKFTSSANGVTTHYVSQIGGFPNQTEDGGLPQSGRIVVDYMVQKSGKTGTITYQRGILLPQKVWCASGRSKVIKGSLPLIGEADCLHEKYGGLNKSKPYYTGEH
B/FORMOSA/V2367/2012,MKAIIVLLMVVTSNADRICTGITSSNSPHVVKTATQGEVNVTGVIPLTATPTKSHFANLKGTETRGKLCPKCLNCTDLDVALGRPKCTGKIPSARVSILHEVRPVTSGCFPIMHDRTKIRQLPNLLRGYEHIRLSTHNVINAENAPGGPYKIGTSGSCPNVTNGNGFFATMAWAVPKNDKNKTETNPLTIEVPYICTEGEDQITVWGFHSDNETQMAKLYGDSKPQKFTSSANGVTTHYVSQIGGFPNQTEDGGLPQSGRIVVDYMVQKSGKTGTITYQRGILLPQKVWCASGRSKVIKGSLPLIGEADCLHEKYGGLNKSKPYYTGEH
B/JOHANNESBURG/3964/2012,MKAIIVLLMVVTSNADRICTGITSSNSPHVVKTATQGEVNVTGVIPLTTTPTKSHFANLKGAETRGKLCPKCLNCTDLDVALGRPKCTGKIPSARVSILHEVRPVTSGCFPIMHDRTKIRQLPNLLRGYEHIRLSTHNVINAENAPGGPYKIGTSGSCPNVTNGNGFFATMAWAVPKNDKNKTATNPLTIEVPYICTEGEDQITVWGFHSDXETQMAKLYGDSKPQKFTSSANGVTTHYVSQIGGFPNQTEDGGLPQSGRIVVDYMVQKSGKTGTITYQRGILLPQKVWCASGRSKVIKGSLPLIGEADCLHEKYGGLNKSKPYYTGEH
B/NETHERLANDS/10894/2022,MKAIIVLLMVVTSNADRICTGITSSNSPHVVKTATQGEVNVTGVIPLTTTPTKSHFANLKGTETRGKLCPKCLNCTDLDVALGRPKCTGEIPSARVSILHEVRPVTSGCFPIMHDRTKIRQLPNLLRGYEHVRLSTHNVINAKDAPGGPYEIGTSGSCPNITNGNGFFAAMAWAVPKN---KTATNPLTIEVPYICTEREDQITVWGFHSDNETQMAKLYGDSKPQKFTSSANGVTTHYVSQIGNFPNQTEDGGLPQSGRIVVDYMVQKSGKTGTITYQRGILLPQKVWCASGRSKVIKGSLPLIGEADCLHEKYGGLNKSKPYYTGEH
B/NETHERLANDS/11267/2022,MKAIIVLLMVVTSNADRICTGITSSNSPHVVKTATQGEVNVTGVIPLTTTPTKSHFANLKGTETRGKLCPKCLNCTDLDVALGRPKCTGEIPSARVSILHEVRPVTSGCFPIMHDRTKIRQLPNLLRGYEHVRLSTHNVINAKDAPGGPYEIGTSGSCPNITNGNGFFAAMAWAVPKN---KTATNPLTIEVPYICTEREDQITVWGFHSDNETQMAKLYGDSKPQKFTSSANGVTTHYVSQIGNFPNQTEDGGLPQSGRIVVDYMVQKSGKTGTITYQRGILLPQKVWCASGRSKVIKGSLPLIGEADCLHEKYGGLNKSKPYYTGEH
B/PARIS/1762/2008,MKAIIVLLMVVTSNADRICTGITSSNSPHVVKTATQGEVNVTGVIPLTTTPTKSHFANLKGTETRGKLCPKCLNCTDLDVALGRPKCTGKIPSARVSILHEVRPVTSGCFPIMHDRTKIRQLPNLLRGYEHIRLSTHNVINAENAPGGPYKIGTSGSCPNITNGNGFFATMAWAVPKNDKNKTATNPLTIEVPYICTEGEDQITIWGFHSDNETQMAKLYGDSKPQKFTSSANGVTTHYISQIGGFPNQTEDGGLPQSGRIVVDYMVQKPGKTGTITYQRGILLPQKVWCASGRSKVIKGSLPLIGEADCLHEKYGGLNKSKPYYTGEH
B/PARIS/1762/2009,MKAIIVLLMVVTSNADRICTGITSSNSPHVVKTATQGEVNVTGVIPLTTTPTKSHFANLKGTETRGKLCPKCLNCTDLDVALGRPKCTGKIPSARVSILHEVRPVTSGCFPIMHDRTKIRQLPNLLRGYEHIRLSTHNVINAENAPGGPYKIGTSGSCPNITNGNGFFATMAWAVPKNDKNKTATNPLTIEVPYICTEGEDQITIWGFHSDNETQMAKLYGDSKPQKFTSSANGVTTHYISQIGGFPNQTEDGGLPQSGRIVVDYMVQKPGKTGTITYQRGILLPQKVWCASGRSKVIKGSLPLIGEADCLHEKYGGLNKSKPYYTGEH
B/ENGLAND/393/2008,MKAIIVLLMVVTSNADRICTGITSSNSPHVVKTATQGEVNVTGVIPLTTTPTKSHFANLKGTETRGKLCPKCLNCTDLDVALGRPKCTGKIPSARVSILHEVRPVTSGCFPIMHDRTKIRQLPNLLRGYEHIRLSTHNVINAENAPGGPYKIGTSGSCPNITNGNGFFATMAWAVPKNDKNKTATNPLTIEVPYICTEGEDQITVWGFHSDSETQMAKLYGDSKPQKFTSSANGVTTHYVSQIGGFPNQTEDGGLPQSGRIVVDYMVQKSGKTGTITYQRGILLPQKVWCASGRSKVIKGSLPLIGEADCLHEKYGGLNKSKPYYTGEH
B/BRISBANE/33/2008,MKAIIVLLMVVTSNADRICTGITSSNSPHVVKTATQGEVNVTGVIPLTTTPTKSHFANLKGTETRGKLCPKCLNCTDLDVALGRPKCTGKIPSARVSILHEVRPVTSGCFPIMHDRTKIRQLPNLLRGYEHIRLSTHNVINAENAPGGPYKIGTSGSCPNITNGNGFFATMAWAVPKNDKNKTATNPLTIEVPYICTEGEDQITVWGFHSDSETQMAKLYGDSKPQKFTSSANGVTTHYVSQIGGFPNQTEDGGLPQSGRIVVDYMVQKSGKTGTITYQRGILLPQKVWCASGRSKVIKGSLPLIGEADCLHEKYGGLNKSKPYYTGEH
B/BRISBANE/60/2008,MKAIIVLLMVVTSNADRICTGITSSNSPHVVKTATQGEVNVTGVIPLTTTPTKSHFANLKGTETRGKLCPKCLNCTDLDVALGRPKCTGKIPSARVSILHEVRPVTSGCFPIMHDRTKIRQLPNLLRGYEHIRLSTHNVINAENAPGGPYKIGTSGSCPNITNGNGFFATMAWAVPKNDKNKTATNPLTIEVPYICTEGEDQITVWGFHSDXETQMAKLYGDSKPQKFTSSANGVTTHYVSQIGGFPNQTEDGGLPQSGRIVVDYMVQKSGKTGTITYQRGILLPQKVWCASGRSKVIKGSLPLIGEADCLHEKYGGLNKSKPYYTGEH
B/SOUTHAUSTRALIA/81/2012,MKAIIVLLMVVTSNADRICTGITSSNSPHVVKTATQGEVNVTGVIPLTTTPTKSHFANLKGTETRGKLCPKCLNCTDLDVALGRPKCTGKIPSARVSILHEVRPVTSGCFPIMHDRTKIRQLPNLLRGYEHIRLSTHNVINAENAPGGPYKIGTSGSCPNVTNGNGFFATMAWAVPKNDKNKTATNPLTIEVPYICTEGEDQITVWGFHSDNEAQMAKLYGDSKPQKFTSSANGVTTHYVSQIGGFPNQTEDGGLPQSGRIVVDYMVQKSGKTGTITYQRGILLPQKVWCASGRSKVIKGSLPLIGEADCLHEKYGGLNKSKPYYTGEH
B/MALTA/636714/2011,MKAIIVLLMVVTSNADRICTGITSSNSPHVVKTATQGEVNVTGVIPLTTTPTKSHFANLKGTETRGKLCPKCLNCTDLDVALGRPKCTGKIPSARVSILHEVRPVTSGCFPIMHDRTKIRQLPNLLRGYEHIRLSTHNVINAENAPGGPYKIGTSGSCPNVTNGNGFFATMAWAVPKNDKNKTATNPLTIEVPYICTEGEDQITVWGFHSDSETQMAKLYGDSKPQKFTSSANGVTTHYVSQIGGFPNQTEDGGLPQSGRIVVDYMVQKSGKTGTITYQRGILLPQKVWCASGRSKVIKGSLPLIGEADCLHEKYGGLNKSKPYYTGEH
B/COTED'IVOIRE/948/2020,MKAIIVLLMVVTSNADRICTGITSSNSPHVVKTATQGEVNVTGVIPLTTTPTKSHFANLKGTETRGKLCPKCLNCTDLDVALGRPKCTGKIPSARVSILHEVRPVTSGCFPIMHDRTKIRQLPNLLRGYEHVRLSTHNVINAEDAPGGPYEIGTSGSCPNITNGKGFFATMAWAVPKNK---TATNPLTIEVPYICTEEEDQITVWGFHSDDETQMAKLYGDSKPQKFTSSANGMTTHYVSQIGGFPNQTEDGGLQQSGRIVVDYMVQKSGKTGTITYQRGILLPQKVWCASGKSKVIKGSLPLIGEADCLHEKYGGLNKSKPYYTGEH
B/CROATIA/7789/2019,MKAIIVLLMVVTSNADRICTGITSSNSPHVVKTATQGEVNVTGVIPLTTTPTKSHFANLKGTETRGKLCPKCLNCTDLDVALGRPKCTGKIPSARVSILHEVRPVTSGCFPIMHDRTKIRQLPNLLRGYEHVRLSTHNVINAEDAPGGPYEIGTSGSCPNITNGKGFFATMAWAVPKN---KTATNPLTIEVPYICTEEEDQITVWGFHSDDETQMAKLYGDSKPQKFTSSANGVTTHYVSQIGGFPNQTEDGGLPQSGRIVVDYMVQKSGKTGTITYQRGILLPQKVWCASGKSKVIKGSLPLIGEADCLHEKYGGLNKSKPYYTGEH
B/MARYLAND/15/2016,MKAIIVLLMVVTSNADRICTGITSSNSPHVVKTATQGEVNVTGVIPLTTTPTKSHFANLKGTETRGKLCPKCLNCTDLDVALGRPKCTGKIPSARVSILHEVRPVTSGCFPIMHDRTKIRQLPNLLRGYEHVRLSTHNVINAEDAPGGPYKIGTSGSCPNITNGNGFFATMAWAVPDKN--KTATNPLTIEVPYVCTEGEDQITVWGFHSDNETQMAKLYGDSKPQKFTSSANGVTTHYVSQIGGFPNQTEDGGLPQSGRIVVDYMVQKSGKTGTITYQRGILLPQKVWCASGRSKVIKGSLPLIGEADCLHEKYGGLNKSKPYYTGEH
B/ICELAND/56/2015,MKAIIVLLMVVTSNADRICTGITSSNSPHVVKTATQGEVNVTGVIPLTTTPTKSHFANLKGTETRGKLCPKCLNCTDLDVALGRPKCTGKIPSARVSILHEVRPVTSGCFPIMHDRTKIRQLPNLLRGYEHVRLSTHNVINAEDAPGGPYKIGTSGSCPNITNGNGFFATMAWAVPKNDKNKTATNPLTIEVPYICTEGEDQITVWGFHSDNETQMAKLYGDSKPQKFTSSANGVTTHYVSQIGGFPNQTEDGGLPQSGRIVVDYMVQKSGKTGTITYQRGILLPQKVWCASGRSKVIKGSLPLIGEADCLHEKYGGLNKSKPYYTGEH
B/NORDRHEIN-WESTFALEN/1/2016,MKAIIVLLMVVTSNADRICTGITSSNSPHVVKTATQGEVNVTGVIPLTTTPTKSHFANLKGTETRGKLCPKCLNCTDLDVALGRPKCTGKIPSARVSILHEVRPVTSGCFPIMHDRTKIRQLPNLLRGYEHVRLSTHNVINAEDAPGGPYKIGTSGSCPNITNGNGFFATMAWAVPKNDKNKTATNPLTIEVPYICTEGEDQITVWGFHSDNETQMAKLYGDSKPQKFTSSANGVTTHYVSQIGGFPNQTEDGGLPQSGRIVVDYMVQKSGKTGTITYQRGILLPQKVWCASGRSKVIKGSLPLIGEADCLHEKYGGLNKSKPYYTGEH
B/IRELAND/3154/2016,MKAIIVLLMVVTSNADRICTGITSSNSPHVVKTATQGEVNVTGVIPLTTTPTKSHFANLKGTETRGKLCPKCLNCTDLDVALGRPKCTGKIPSARVSILHEVRPVTSGCFPIMHDRTKIRQLPNLLRGYEHVRLSTHNVINAEDAPGGPYKIGTSGSCPNITNGNGFFATMAWAVPKNDKNKTATNPLTIEVPYICTEGEDQITVWGFHSDNETQMAKLYGDSKPQKFTSSANGVTTHYVSQIGGFPNQTEDGGLPQSGRIVVDYMVQKSGKTGTITYQRGILLPQKVWCASGRSKVIKGSLPLIGEADCLHEKYGGLNKSKPYYTGEH
B/HONGKONG/269/2017,MKAIIVLLMVVTSNADRICTGITSSNSPHVVKTATQGEVNVTGVIPLTTTPTKSHFANLKGTETRGKLCPKCLNCTDLDVALGRPKCTGKIPSARVSILHEVRPVTSGCFPIMHDRTKIRQLPNLLRGYEHVRLSTHNVINAEDAPGGPYKIGTSGSCPNITNGNGFFATMAWAVPKN---KTATNPLTIEVPYTCTEGEDQITVWGFHSDNETQMAKLYGDSNPQKFTSSANGVTTHYVSQIGGFPNQTEDGGLPQSGRIVVDYMVQKSGKTGTITYQRGILLPQKVWCASGRSKVIKGSLPLIGEADCLHEKYGGLNKSKPYYTGEH
B/WASHINGTON/02/2019,MKAIIVLLMVVTSNADRICTGITSSNSPHVVKTATQGEVNVTGVIPLTTTPTKSHFANLKGTETRGKLCPKCLNCTDLDVALGRPKCTGKIPSARVSILHEVRPVTSGCFPIMHDRTKIRQLPNLLRGYEHVRLSTHNVINAEDAPGRPYEIGTSGSCPNITNGNGFFATMAWAVPKN---KTATNPLTIEVPYICTEGEDQITVWGFHSDSETQMAKLYGDSKPQKFTSSANGVTTHYVSQIGGFPNQTEDGGLPQSGRIVVDYMVQKSGKTGTITYQRGILLPQKVWCASGRSKVIKGSLPLIGEADCLHEKYGGLNKSKPYYTGEH
B/MICHIGAN/01/2021,MKAIIVLLMVVTSNADRICTGITSSNSPHVVKTATQGEVNVTGVIPLTTTPTKSHFANLKGTETRGKLCPKCLNCTDLDVALGRPKCTGKIPSARVSILHEVRPVTSGCFPIMHDRTKIRQLPNLLRGYEHVRLSTHNVINTEDAPGGPYEIGTSGSCLNITNGKGFFATMAWAVPKN---KTATNPLTIEVPYICAEEEDQITVWGFHSDDETQMARLYGDSKPQKFTSSANGVTTHYVSQIGGFPNQTEDGGLPQSGRIVVDYMVQKSGKTGTITYQRGILLPQKVWCASGKSKVIKGSLPLIGEADCLHEKYGGLNKSKPYYTGEH
B/PARIS/9878/2020,MKAIIVLLMVVTSNADRICTGITSSNSPHVVKTATQGEVNVTGVIPLTTTPTKSHFANLKGTETRGKLCPKCLNCTDLDVALGRPKCTGKIPSARVSILHEVRPVTSGCFPIMHDRTKIRQLPNLLRGYEHVRLSTHNVINTEDAPGGPYEIGTSGSCLNITNGKGFFATMAWAVPKN---KTATNPLTIEVPYICAEEEDQITVWGFHSDEETQMVRLYGDSKPQKFTSSANGVATHYVSQIGGFPNQTEDGGLPQSGRIVVDYMVQKSGKTGTITYQRGILLPQKVWCASGKSKVIKGSLPLIGEADCLHEKYGGLNKSKPYYTGEH
B/AUSTRIA/1359417/2021,MKAIIVLLMVVTSNADRICTGITSSNSPHVVKTATQGEVNVTGVIPLTTTPTKSHFANLKGTETRGKLCPKCLNCTDLDVALGRPKCTGKIPSARVSILHEVRPVTSGCFPIMHDRTKIRQLPNLLRGYEHVRLSTHNVINTEDAPGGPYEIGTSGSCLNITNGKGFFATMAWAVPKN---KTATNPLTIEVPYICTEEEDQITVWGFHSDDETQMARLYGDSKPQKFTSSANGVTTHYVSQIGGFPNQTEDGGLPQSGRIVVDYMVQKSGKTGTITYQRGILLPQKVWCASGKSKVIKGSLPLIGEADCLHEKYGGLNKSKPYYTGEH
B/STOCKHOLM/3/2022,MKAIIVLLMVVTSNADRICTGITSSNSPHVVKTATQGEVNVTGVIPLTTTPTKSHFANLKGTETRGKLCPKCLNCTDLDVALGRPKCTGKIPSARVSILHEVRPVTSGCFPIMHDRTKIRQLPNLLRGYEHVRLSTHNVINTEGAPGGPYEIGTSGSCLNITNGKGFFATMAWAVPKN---KTATNPLTIEVPYICTKEEDQITVWGFHSDEETQMARLYGDSKPQKFTSSANGVTTHYVSQIGGFPNQTEDGGLPQSGRIVVDYMVQKSGKTGTITYQRGILLPQKVWCASGKSKVIKGSLPLIGEADCLHEKYGGLNKSKPYYTGEH
B/HENAN-XIGONG/1118/2021,MKAIIVLLMVVTSNADRICTGITSSNSPHVVKTATQGEVNVTGVIPLTTTPTKSHFANLKGTETRGKLCPKCLNCTDLDVALGRPKCTGKIPSARVSILHEVRPVTSGCFPIMHDRTKIRQLPNLLRGYEHVRLSTQNVINTEDAPGGPYEIGTSGSCLNITNGKGFFATMAWAVPKN---KTATNPLTIEVPYICTEEEDQITVWGFHSDDETQMARLYGDSKPQKFTSSANGVTTHYVSQIGGFPNQTEDGGLPQSGRIVVDYMVQKSGKTGTITYQRGILLPQKVWCASGKSKVIKGSLPLIGEADCLHEKYGGLNKSKPYYTGEH
B/GANSU-BAIYIN/1281/2021,MKAIIVLLMVVTSNADRICTGITSSNSPHVVKTATQGEVNVTGVIPLTTTPTKSHFANLKGTETRGKLCPKCLNCTDLDVALGRPKCTGKIPSARVSILHEVRPVTSGCFPIMHDRTKIRQLPNLLRGYEHVRLSTQNVINTEDAPGGPYEIGTSGSCLNITNGKGFFATMAWAVPKNN--KTATNPLTIEVPYICTEEEDQITVWGFHSDDETQMARLYGDSKPQKFTSSANGVTTHYVSQIGGFPNQTEDGGLPQSGRIVVDYMVQKSGKTGTITYQRGILLPQKVWCASGKSKVIKGSLPLIGEADCLHEKYGGLNKSKPYYTGEH
B/MALAYSIA/2506/2004,MKAIIVLLMVVTSNADRICTGITSSNSPHVVKTATQGEVNVTGVIPLTTTPTKSHFANLKGTETRGKLCPKCLNCTDLDVALGRPKCTGNIPSARVSILHEVRPVTSGCFPIMHDRTKIRQLPNLLRGYEHIRLSTHNVINAENAPGGPYKIGTSGSCPNVTNGNGFFATMAWAVPKNDNNKTATNSLTIEVPYICTEGEDQITVWGFHSDNEIQMAKLYGDSKPQKFTSSANGVTTHYVSQIGGFPNQTEDGGLPQSGRIVVDYMVQKSGKTGTITYQRGILLPQKVWCASGRSKVIKGSLPLIGEADCLHEKYGGLNKSKPYYTGEH
B/HONGKONG/514/2009,MKAIIVLLMVVTSNADRICTGITSSNSPHVVKTATQGEVNVTGVIPLTTTPTKSHFANLKGTETRGKLCPKCPNCTDLDVALGRPKCTGKIPSARVSILHEVRPVTSGCFPIMHDRTKIRQLPNLLRGYEHIRLSTHNVINAENAPGGPYKIGTSGSCPNVTNGNGFFATMAWAVPKNDKNKTATNPLTIEVPYICTEGEDQITVWGFHSDNETQMAKLYGDSKPQKFTSSANGVTTHYVSQIGGFPNQTEDGGLPQSGRIVVDYMVQKSGKTGTITYQRGILLPQKVWCASGKSKVIKGSLPLIGEADCLHEKYGGLNKSKPYYTGEH
B/ODESSA/3886/2010,MKAIIVLLMVVTSNADRICTGITSSNSPHVVKTATQGEVNVTGVIPLTTTPTKSHFANLKGTETRGKLCPKCPNCTDLDVALGRPKCTGKIPSARVSILHEVRPVTSGCFPIMHDRTKIRQLPNLLRGYEHIRLSTHNVINAENAPGGPYKIGTSGSCPNVTNGNGFFATMAWAVPKNDKNKTATNPLTIEVPYICTEGEDQITVWGFHSDNETQMAKLYGDSKPQKFTSSANGVTTHYVSQIGGFPNQTEDGGLPQSGRIVVDYMVQKSGKTGTITYQRGILLPQKVWCASGRSKVIKGSLPLIGEADCLHEKYGGLNKSKPYYTGEH
B/MADAGASCAR/7002/2009,MKAIIVLLMVVTSNADRICTGITSSNSPHVVKTATQGEVNVTGVIPLTTTPTKSHFANLKGTETRGKLCPKCPNCTDLDVALGRPKCTGKIPSARVSILHEVRPVTSGCFPIMHDRTKIRQLPNLLRGYEHIRLSTHNVINAENAPGGPYKIGTSGSCPNVTNGNGFFATMAWAVPKNDKNKTATNPLTIEVPYICTEGEDQITVWGFHSDNETQMVKLYGDSKPQKFTSSANGVTTHYVSQIGGFPNQTEDGGLPQSGRIVVDYMVQKSGKTGTITYQRGILLPQKVWCASGRSKVIKGSLPLIGEADCLHEKYGGLNKSKPYYTGEH
B/COTED'IVOIRE/1662/2018,MKAIIVLLMVVTSNADRICTGITSSNSPHVVKTATQGEVNVTGVIPLTTTPTKSHFANLKGTETRGNLCPKCLNCTDLDVALGRPKCTGKIPSARVSILHEVRPVTSGCFPIMHDRTKIRQLPNLLRGYEHVRLSTHNVINAEDAPGGPYEIGTSGSCPNITNGNGFFATMAWAVPKN---KTATNPLTIEVPYICTEGEDQITVWGFHSDNGTQMAKLYGDSKPQKFTSSANGVTTHYVSQIGGFPNQTEDGGLPQSGRIVVDYMVQKSGKTGTITYQRGILLPQKVWCASGRSKVIKGSLPLIGEADCLHEKYGGLNKSKPYYTGEH
B/BRISBANE/32/2002,MKAIIVLLMVVTSNADRICTGITSSNSPHVVKTATQGEVNVTGVIPLTTTPTKSHFANLKGTKTRGKLCPKCLNCTDLDVALGRPKCTGNIPSAKVSILHEVRPVTSGCFPIMHDRTKIRQLPNLLRGYEHIRLSTHNVINAEKAPGGPYKIGTSGSCPNVTNGNGFFATMAWAVPKNDNNKTATNSLTIEVPYICTEGEDQITVWGFHSDNEAQMAKLYGDSKPQKFTSSANGVTTHYVSQIGGFPNQTEDGGLPQSGRIVVDYMVQKSGKTGTITYQRGILLPQKVWCASGRSKVIKGSLPLIGEADCLHEKYGGLNKSKPYYTGEH
B/CAMBODIA/30/2011,MKAIIVLLMVVTSNADRICTGITSSNSPHVVKTATQGEVNVTGVISLTTTPIKSHFANLKGTETRGKLCPKCLNCTDLDVALGRPKCTGNIPSARVSILHEVRPVTSGCFPIMHDRTKIRQLPNLLRGYEHIRLSTHNVINAENAPGGPYKIGTSGSCPNVTNGNGFFATMAWAVPKNDNNKTATNSLTIEVPYICTEGEDQITVWGFHSDNETQMAKLYGDSKPQKFTSSANGVTTHYVSQIGGFPNQTEDGGLPQSGRIVVDYMVQKSGKTGTITYQRGILLPQKVWCASGRSKVIKGSLPLIGEADCLHEKYGGLNKSKPYYTGEH
B/NORWAY/2409/2017,MKAIIVLLMVVTSSADRICTGITSSNSPHVVKTATQGEVNVTGVIPLTTTPTKSHFANLKGTETRGKLCPKCLNCTDLDVALGRPKCTGKIPSARVSILHEVRPVTSGCFPIMHDRTKIRQLPNLLRGYEHVRLSTHNVINAEGAPGGPYKIGTSGSCPNITNGNGFFATMAWAVPDKN--KTATNPLTIEVPYVCTEGEDQITVWGFHSDNETQMAKLYGDSKPQKFTSSANGVTTHYVSQIGGFPNQTEDGGLPQSGRIVVDYMVQKSGKTGTITYQRGILLPQKVWCASGRSKVIKGSLPLIGEADCLHEKYGGLNKSKPYYTGEH
B/COLORADO/06/2017,MKAIIVLLMVVTSSADRICTGITSSNSPHVVKTATQGEVNVTGVIPLTTTPTKSHFANLKGTETRGKLCPKCLNCTDLDVALGRPKCTGKIPSARVSILHEVRPVTSGCFPIMHDRTKIRQLPNLLRGYEHVRLSTHNVINAEGAPGGPYKIGTSGSCPNITNGNGFFATMAWAVPDKN--KTATNPLTIEVPYVCTEGEDQITVWGFHSDNETQMAKLYGDSKPQKFTSSANGVTTHYVSQIGGFPNQTEDGGLPQSGRIVVDYMVQKSGKTGTITYQRGILLPQKVWCASGRSKVIKGSLPLIGEADCLHEKYGGLNKSKPYYTGEH
B/ILLINOIS/13/2005,MKALIVLLMVVTSNADRICTGITSSNSPHVVKTATQGEVNVTGVIPLTTTPTKSHFANLKGTKTRGKLCPKCLNCTDLDVALGRPKCTGNIPSAEVSILHEVRPVTSGCFPIMHDRTKIRQLPNLLRGYEHIRLSTHNVINAEKAPGGPYKIGTSGSCPNVTNGNGFFATMAWAVPKNDNNKTATNSLTIEVPYICTEGEDQITIWGFHSDNEIQMAKLYGDSKPQKFTSSANGVTTHYVSQIGGFPNQTEDGGLPQSGRIVVDYMVQKSGKTGTITYQRGILLPQKVWCASGRSKVIKGSLPLIGEADCLHEKYGGLNKSKPYYTGEH
B/SHANDONG/7/1997,-------------NADRICTGITSSNSPHVVKTATQGEVNVTGVIPLTTTPTKSHFANLKGTKTRGKLCPKCLNCTDLDVALGRPKCTGNIPSAKVSILHEVRPVTSGCFPIMHDRTKIRQLPNLLRGYEHIRLSIHNVINAEKAPGGPYKIGTSGSCPNVTNGNGFFATMAWAVPKNDNNKTATNSLTIEVPYICTEGEDQITVWGFHSDNETKMAKLYGDSKPQKFTSSANGVTTHYVSQIGGFPNQTEDGGLPQSGRIVVDYMVQKSGKTGTITYQRGILLPQKVWCASGRSKVIKGSLPLIGEADCLHEKYGGLNKSKPYYTGEH
B/TEHRAN/80/2002,------------------------SNSPHVVKTATQGEVNVTGVIPLTTTPTKSHFANLKGTKTRGKLCPKCLNCTDLDVALGRPKCTGNIPSAKVSILHEVRPVTSGCFPIMHDRTKIRQLPNLLRGYEHIRLSTHNVINAEKAPGGPYKIGTSGSCPNVTNGNGFFATMAWAVPKNDN-KTATNSLTIEVPYICTEGEDQITVWGFHSDNEIQMAKLYGDSKPQKFTSSANGVTTHYVSQIGGFPNQTEDGGLPQSGRIVVDYMVQKSGKTGTITYQRGILLPQKVWCASGRSKVIKGSLPLIGEADCLHEKYGGLNKSKPYYTGEH