seq,description
-KLPGNDNSTATLCLGHHAVPNGTIVKTITNDQIEVTNATELVQSSSTGEICDSPHQILDGENCTLIDALLGDPQCDGFQNKKWDLFVERSKAYSNCYPYDVPDYASLRSLVASSGTLEFNNESFNWTGVTQNGTSSACKRRSNNSFFSRLNWLTHLKFKYPALNVTMPNNEKFDKLYIWGVHHPGTDNDQIFPYAQASGRITVSTKRSQQTVIPNIGSRPRVRNIPSRISIYWTIVKPGDILLINSTGNLIAPRGYFKIRSGKSSIMRSDAPIGKCNSECITPNGSIPNDKPFQNVNRITYGACPRYVKQNTLKLATGMRNVPEKQTR,A/SANTIAGO/7981/2006
-KLPGNDNSTATLCLGHHAVPNGTIVKTITNDQIEVTNATELVQSSSTGEICDSPHQILDGENCTLIDALLGDPQCDGFQNKKWDLFVERSKAYSNCYPYDVSDYASLRSLVASSGTLEFNNESFNWTGVTQNGTSSACIRRSNNSFFSRLNWLTHLRFKYPALNVTMPNNEQFDKLYIWGVHHPGTDNDQIFLYAQASGRITVSTKRSQQTVIPNIGSRPRVRNIPSRISIYWTIVKPGDILLINSTGNLIAPRGYFKIRSGKSSIMRSDAPIGKCNSECITPNGSIPNDKPFQNVNRITYGACPRYVKQNTLKLATGMRNVPEKQTR,A/ENGLAND/394/2008
QKIPGNDNSTATLCLGHHAVPNGTIVKTITNDRIEVTNATELVQNSSIGEICDSPHQILDGENCTLIDALLGDPQCDGFQNKKWDLFVERSKAYSNCYPYDVPDYASLRSLVASSGTLEFNNESFNWTGVTQNGTSSACIRRSSSSFFSRLNWLTHLNYKYPALNVTMPNNEQFDKLYIWGVHHPGTDKDQIFLYARSSGRITVSTKRSQQAVIPNIGSRPRIRDIPSRISIYWTIVKPGDILLINSTGNLIAPRGYFKIRSGKSSIMRSDAPIGKCKSECITPNGSIPNDKPFQNVNRITYGACPRYVKHSTLKLATGMRNVPEKQTR,A/SOUTHAFRICA/R2825/2015
QKIPGNDNSTATLCLGHHAVPNGTIVKTITNDRIEVTNATELVQNSSIGEICDSPHKILDGENCTLIDALLGDPQCDGFQNKKWDLFVERSKAYSNCYPYDVPDYASLRSLVASSGTLEFNNESFNWTGVTQNGTSSACIRRSSSSFFSRLNWLTHLNYTYPALNVTMPNNEQFDKLYIWGVHHPGTDKDQIFLYAQSSGRITVSTKRSQQAVIPNIGSRPRIRDIPSRISIYWTIVKPGDILLINSTGNLIAPRGYFKIRSGKSSIMRSDAPIGKCKSECITPNGSIPNDKPFQNVNRITYGACPRYVKHSTLKLATGMRNVPEKQTR,A/SAITAMA/103/2014
QKIPGNDNSTATLCLGHHAVPNGTIVKTITNDRIEVTNATELVQNSSIGEICDSPHQILDGENCTLIDALLGDPQCDGFQNKKWDLFVERNKAYSNCYPYDVPDYASLRSLVASSGTLEFNNESFNWAGVTQNGTSSSCIRGSKSSFFSRLNWLTHLNSKYPALNVTMPNNEQFDKLYIWGVHHPGTDKDQISLYAQSSGRITVSTKRSQQAVIPNIGSRPRIRDIPSRISIYWTIVKPGDILLINSTGNLIAPRGYFKIRSGKSSIMRSDAPIGKCKSECITPNGSIPNDKPFQNVNRITYGACPRYVKQSTLKLATGMRNVPERQTR,A/ENGLAND/538/2018
QKIPGNDNSTATLCLGHHAVPNGTIVKTITNDRIEVTNATELVQNSSIGEICDSPHQILDGENCTLIDALLGDPQCDGFQNKKWDLFVERNKAYSNCYPYDVPDYASLRSLVASSGTLEFNNESFNWAGVTQNGTSSSCIRGSKSSFFSRLNWLTHLNSKYPALNVTMPNNEQFDKLYIWGVHHPVTDKNQISLYAQSSGRITVSTKRSQQAVIPNIGYRPRIRDIPSRISIYWTIVKPGDILLINSTGNLIAPRGYFKIRSGKSSIMRSDAPIGKCKSECITPNGSIPNDKPFQNVNRITYGACPRYVKQSTLKLATGMRNVPERQTR,A/KANSAS/14/2017
QKLPGNDNSTATLCLGHHAVPNGTIVKTITNDQIEVTNATELVQNSSIGEICDSPHQILDGENCTLIDALLGDPQCDGFQNKKWDLFVERSKAYSNCYPYDVPDYASLRSLVASSGTLEFNNESFNWTGVTQNGTSSACIRRSNNSFFSRLNWLTHLNFKYPALNVTMPNNEQFDKLYIWGVHHPGTDKDQIFLYAQSSGRITVSTKRSQQAVIPNIGSRPRIRNIPSRISIYWTIVKPGDILLINSTGNLIAPRGYFKIRSGKSSIMRSDAPIGKCNSECITPNGSIPNDKPFQNVNRITYGACPRYVKQSTLKLATGMRNVPEKQTR,A/VICTORIA/361/2011
QKIPGNDNSTATLCLGHHAVPNGTIVKTITNDRIEVTNATELVQNSSIGEICDSPHQILDGGNCTLIDALLGDPQCDGFQNKEWDLFVERSRANSNCYPYDVPDYASLRSLVASSGTLEFKNESFNWTGVKQNGTSSACIRGSSSSFFSRLNWLTHLNNIYPAQNVTMPNKEQFDKLYIWGVHHPDTDKNQISLFAQSSGRITVSTKRSQQAVIPNIGSRPRIRDIPSRISIYWTIVKPGDILLINSTGNLIAPRGYFKIRSGKSSIMRSDAPIGKCKSECITPNGSIPNDKPFQNVNRITYGACPRYVKQSTLKLATGMRNVPEKQTR,A/BANGLADESH/4005/2020
QKIPGNDNSTATLCLGHHAVPNGTIVKTITNDRIEVTNATELVQNSSIGEICDSPHQILDGGNCTLIDALLGDPQCDGFQNKEWDLFVERSRANSNCYPYDVPDYASLRSLVASSGTLEFKNESFNWTGVKQNGTSSACIRGSSSSFFSRLNWLTHLNNIYPAQNVTMPNKEQFDKLYIWGVHHPNTDKNQISLFAQSSGRITVSTKRSQQAVIPNIGSRPRIRGIPSRISIYWTIVKPGDILLINSTGNLIAPRGYFKIRSGKSSIMRSDAPIGKCKSECITPNGSIPNDKPFQNVNRITYGACPRYVKQSTLKLATGMRNVPEKQTR,A/BANGLADESH/911009/2020
QKIPGNDNSTATLCLGHHAVPNGTIVKTITNDRIEVTNATELVQNSSIGEICDSPHQILDGGNCTLIDALLGDPQCDGFQNKEWDLFVERSRANSNCYPYDVPDYASLRSLVASSGTLEFKNESFNWTGVKQNGTSSACIRGSSSSFFSRLNWLTSLNNIYPAQNVTMPNKEQFDKLYIWGVHHPDTDKNQISLFAQSSGRITVSTKRSQQAVIPNIGSRPRIRDIPSRISIYWTIVKPGDILLINSTGNLIAPRGYFKIRSGKSSIMRSDAPIGKCKSECITPNGSIPNDKPFQNVNRITYGACPRYVKQSTLKLATGMRNVPEKQTR,A/STOCKHOLM/5/2021
QKIPGNDNSTATLCLGHHAVPNGTIVKTITNDRIEVTNATELVQNSSIGEICDSPHQILDGGNCTLIDALLGDPQCDGFQNKEWDLFVERSRANSNCYPYDVPDYASLRSLVASSGTLEFKNESFNWTGVKQNGTSSACIRGSSSSFFSRLNWLTSLNNIYPAQNVTMPNKEQFDKLYIWGVHHPNTDKNQISLFAQSSGRITVSTKRSQQAVIPNIGSRPRIRGIPSRISIYWTIVKPGDILLINSTGNLIAPRGYFKIRSGKSSIMRSDAPIGKCKSECITPNGSIPNDKPFQNVNRITYGACPRYVKQSTLKLATGMRNVPEKQTR,A/DARWIN/9/2021
QKIPGNDNSTATLCLGHHAVPNGTIVKTITNDRIEVTNATELVQNSSIGEICGSPHQILDGGNCTLIDALLGDPQCDGFQNKEWDLFVERSRANSNCYPYDVPGYASLRSLVASSGTLEFKNENFNWTGVKQNGTSSACIRGSSSSFFSRLNWLTSLNNIYPAQNVTMPNKEQFDKLYIWGVHHPDTDKNQISLFAQSSGRITVSTKRSQQAVIPNIGSRPRIRDIPSRISIYWTIVKPGDILLINSTGNLIAPRGYFKIRSGKSSIMRSDAPIGRCKSECITPNGSIPNDKPFQNVNRITYGACPRYVKQSTLKLATGMRNVPEKQTR,A/POLAND/99/2022
QKIPGNDNSTATLCLGHHAVPNGTIVKTITNDRIEVTNATELVQNSSIGEICGSPHQILDGGNCTLIDALLGDPQCDGFQNKEWDLFVERSRANSNCYPYDVPGYASLRSLVASSGTLEFKNESFNWTGVKQNGTSSACIRGSSSSFFSRLNWLTSINNIYPAQNVTMPNKEQFDKLYIWGVHHPDTDKNQISLFAQSSGRITVSTKRSQQAVIPNIGSRPRIRDIPSRISIYWTIVKPGDILLINSTGNLIAPRGYFKIRNGKSSIMRSDAPIGRCKSECITPNGSIPNDKPFQNVNRITYGACPRYVKQSTLKLATGMRNVPEKQTR,A/WYOMING/01/2021
QKIPGNDNSTATLCLGHHAVPNGTIVKTITNDRIEVTNATELVQNSSIGEICGSPHQILDGGNCTLIDALLGDPQCDGFQNKEWDLFVERSRANSNCYPYDVPGYASLRSLVASSGTLEFKNESFNWTGVKQNGTSSACIRGSSSSFFSRLNWLTSLNNIYPAQNVTMPNKEQFDKLYIWGVHHPDTDKNQISLFAQSSGRITVSTKRSQQAVIPNIGSRPRIRDIPSRISIYWTIVKPGDILLINSTGNLIAPRGYFKIRSGKSSIMRSDAPIGRCKSECITPNGSIPNDKPFQNVNRITYGACPRYVKQSTLKLATGMRNVPEKQTR,A/SLOVENIA/9318/2022
QKIPGNDNSTATLCLGHHAVPNGTIVKTITNDRIEVTNATELVQNSSIGEICGSPHQILDGGNCTLIDALLGDPQCDGFQNKEWDLFVERSRANSNCYPYDVPGYASLRSLVASSGTLEFKNESFNWTGVKQNGTSSACIRGSSSSFFSRLNWLTSLNNIYPAQNVTMPNKEQFDKLYIWGVHHPDTDKNQISLFAQSSGRITVSTKRSQQAVIPNIGSRPRIRDIPSRISIYWTIVKPGDILLINSTGNLIAPRGYFKIRSGKSSIMRSDAPIGRCKSECITPNGSIPNDKPFQNVNRITYGACPRYVKQSTLKLATGMRNVPEKQTR,A/SLOVENIA/8720/2022
QKIPGNDNSTATLCLGHHAVPNGTIVKTITNDRIEVTNATELVQNSSIGEICGSPHQILDGGNCTLIDALLGDPQCDGFQNKEWDLFVERSRANSNCYPYDVPGYASLRSLVASSGTLEFKNESFNWTGVKQNGTSSACIRGSSSSFFSRLNWLTSLNNIYPAQXVTMPNKEQFDKLYIWGVHHPDTDKNQISLFAQSSGRITVSTKRSQQAVIPNIGSRPRIRDIPSRISIYWTIVKPGDILLINSTGNLIAPRGYFKIRSGKSSIMRSDAPIGRCKSECITPNGSIPNDKPFQNVNRITYGACPRYVKQSTLKLATGMRNVPEKQTR,A/SLOVENIA/9216/2022
QKIPGNDNSTATLCLGHHAVPNGTIVKTITNDRIEVTNATELVQNSSIGEICGSPHQILDGGNCTLIDALLGDPQCDGFQNKEWDLFVERSRANSNCYPYDVPGYASLRSLVASSGTLEFKNESFNWTGVKQNGTSSACKRGSSSSFFSRLNWLTSLNNIYPAQNVTMPNKEQFDKLYIWGVHHPDTDKNQISLFAQSSGRITVSTKRSQQAVIPNIGSRPRIRDIPSRISIYWTIVKPGDILLINSTGNLIAPRGYFKIRSGKSSIMRSDAPIGRCKSECITPNGSIPNDKPFQNVNKITYGACPRYVKQSTLKLATGMRNVPEKQTR,A/CATALONIA/NSVH161512067/2022
QKIPGNDNSTATLCLGHHAVPNGTIVKTITNDRIEVTNATELVQNSSIGEICNSPHQILDGGNCTLIDALLGDPQCDGFQNKEWDLFVERSRANSSCYPYDVPDYASLRSLVASSGTLEFKNESFNWTGVKQNGTSSACIRGSSSSFFSRLNWLTSLNNIYPAQNVTMPNKEQFDKLYIWGVHHPDTDKNQFSLFAQSSGRITVSTKRSQQAVIPNIGSRPRIRDIPSRISIYWTIVKPGDILLINSTGNLIAPRGYFKIRSGKSSIMRSDAPIGKCKSECITPNGSIPNDKPFQNVNRITYGACPRYVKQSTLKLATGMRNVPEKQTR,A/ENGLAND/214191723/2021
QKIPGNDNSTATLCLGHHAVPNGTIVKTITNDRIEVTNATELVQNSSIGEICNSPHQILDGGNCTLIDALLGDPQCDGFQNKEWDLFVERSRANSSCYPYDVPDYASLRSLVASSGTLEFKNESFNWTGVKQNGTSSACIRGSSSSFFSRLNWLTSLNNIYPAQNVTMPNKEQFDKLYIWGVHHPDTDKNQFSLFAQSSGRITVSTKRSQQAVIPNIGSRPRIRDIPSRISIYWTIVKPGDILLINSTGNLIAPRGYFKIRSGKSSIMRSDAPIGKCKSECITPNGSIPNDKPFQNVNRITYGACPRYVKQSTLKLATGMRNVPEKQTR,A/NORWAY/24873/2021
QKIPGNDNSTATLCLGHHAVPNGTIVKTITNDRIEVTNATELVQNSSIGKICDSPHQILDGGNCTLIDALLGDPQCDGFQNKEWDLFVERSRANSNCYPYDVPDYASLRSLVASSGTLEFKNESFNWTGVKQNGTSSACIRGSSSSFFSRLNWLTHLNNIYPAQNVTMPNKEQFDKLYIWGVHHPDTDKNQISLFAQSSGRITVSTKRSQQAVIPNIGSRPRIRDIPSRISIYWTIVKPGDILLINSTGNLIAPRGYFKIRSGKSSIMKSDAPIGKCKSECITPNGSIPNDKPFQNVNRITYGACPRYVKQSTLKLATGMRNVPEKQTR,A/NORWAY/29511/2021
QKIPGNDNSTATLCLGHHAVPNGTIVKTITNDRIEVTNATELVQNSSIGKICDSPHQILDGGNCTLIDALLGDPQCDGVQNKEWDLFVERSRANSNCYPYDVPDYASLRSLVASSGTLEFKNESFNWTGVKQNGTSSACKRGSSSSFFSRLNWLTHLNNIYPAQNVTMPNKEQFDKLYIWGVHHPDTDKNQISLFAQSSGRITVSTKRSQQAVIPNIGSRPRIRDIPSRISIYWTIVKPGDILLINSTGNLIAPRGYFKIRNGKSSIMRSDAPIGKCKSECITPNGSIPNDKPFQNVNRITYGACPRYVKQSTLKLATGMRNVPEKQTR,A/THURINGEN/10/2022
QKIPGNDNSTATLCLGHHAVPNGTIVKTITNDRIEVTNATELVQNSSIGKICGSPHQILDGGNCTLIDALLGDPQCDGFQNKEWDLFVERSRANSNCYPYDVPGYASLRSLVASSGTLEFKNESFNWTGVKQNGTSSACIRGSSSSFFSRLNWLTSLNNIYPAQNVTMPNKEQFDKLYIWGVHHPDTDKNQISLFAQSSGRITVSTKRSQQAVIPNIGSRPRIRDIPSRISIYWTIVKPGDILLINSTGNLIAPRGYFKIRSGKSSIMRSDAPIGRCKSECITPNGSIPNDKPFQNVNKITYGACPRYVKQSTLKLATGMRNVPEKQTR,A/NORWAY/28542/2022
QKIPGNDNSTATLCLGHHAVPNGTVVKTITNDRIEVTNATELVQNSSIGEICNSPHQILDGGNCTLIDALLGDPQCDGFQNKEWDLFVERSRANSSCYPYDVPDYASLRSLVASSGTLEFKNESFNWTGVKQNGTSSACIRGSSSSFFSRLNWLTSLNNIYPAQNVTMPNKEQFDKLYIWGVHHPDTDKNQFSLFAQSSGRITVSTKRSQQAVIPNIGSRPRIRDIPSRISIYWTIVKPGDILLINSTGNLIAPRGYFKIRSGKSSIMRSDAPIGKCKSECITPNGSIPNDKPFQNVNRITYGACPRYVKQSTLKLATGMRNVPEKQTR,A/FLORIDA/02/2021
QKISGNDNSTATLCLGHHAVPNGTVVKTITNDRIEVTNATELVQNSSIGEICGSPHQILDGGNCTLIDALLGDPQCDGFQNKEWDLFVERSRANSNCYPYDVPDYASLRSLVASSGTLEFKNESFNWTGVKQNGTSSACIRGSSNSFFSRLNWLTSLNNIYPAQNVTMPNKEQFDKLYIWGVHHPDTDKNQISLFAQSSGKITVSTKRSQQAVIPNIGYRPRIRDIPSRISIYWTIVKPGDILLINSTGNLIAPRGYFKIRSGKSSIMRSDAPIGKCKSECITPNGSIPNDKPFQNVNRITYGACPRYVKQSTLKLATGMRNVPEKQTR,A/POLAND/97/2022
QKLPGNDNSTATLCLGHHAVPNGTIVKTITNDQIEVTNATELVQSSSTGGICDSPHQILDGENCTLIDALLGDPQCDGFQNKKWDLFVERSKAYSNCYPYDVPDYASLRSLVASSGTLEFNNESFNWTGVTQNGTSSACKRRSNNSFFSRLNWLTQLKFKYPALKVTMPNNEKFDKLYIWGVHHPVTDNDQIFLYAQASGRITVSTKRSQQTVIPNIGSRPRVRNIPSRISIYWTIVKPGDILLINSTGNLIAPRGYFKIRSGKSSIMRSDAPIGKCNSECITPNGSIPNDKPFQNVNRITYGACPRYVKQNTLKLATGMRNVPEKQTR,A/HIROSHIMA/52/2005
QKIPGNDNSTATLCLGHHAVPNGTIVKTITNDRIEVTNATELVQNSSIGEICDSPHQILDGGNCTLIDALLGDPQCDGFQNKKWDLFVERSRAYSNCYPYDVPDYASLRSLVASSGTLEFKNESFNWAGVTQNGKSFSCIRGSSSSFFSRLNWLTHLNYTYPALNVTMPNKEQFDKLYIWGVHHPGTDKDQISLYAQSSGRITVSTKRSQQAVIPNIGSRPRIRDIPSRISIYWTIVKPGDILLINSTGNLIAPRGYFKIRSGKSSIMRSDAPIGKCKSECITPNGSIPNDKPFQNVNRITYGACPRYVKQNTLKLATGMRNVPEKQTR,A/HONGKONG/45/2019
KKLPGNDNSTATLCLGHHAVPNGTIVKTITNDRIEVTNATELVQNSSIGEICDSPHQILDGENCTLIDALLGDPQCDGFQNKKWDLFVERSKAYSNCYPYDVPDYASLRSLVASSGTLEFNNESFNWAGVTQNGTSSSCIRGSNSSFFSRLNWLTHLNSKYPALNVTMPNNEQFDKLYIWGVHHPDTDKGQIFLYAQSSGRITVSTKRSQQAVIPNIGSRPRIRGIPSRISIYWTIVKPGDILLINSTGNLIAPRGYFKIRSGKSSIMRSDAPIGKCKSECITPNGSIPNDKPFQNVNRITYGACPRYVKQSTLKLATGMRNVPERQTR,A/TASMANIA/11/2014
QKIPGNDNSTATLCLGHHAVPNGTIVKTITNDQIEVTNATELVQSSSTGEICDSPHQILDGKNCTLIDALLGDPQCDGFQNKKWDLFVERSKAYSNCYPYDVPDYASLRSLVASSGTLEFNNESFNWTGVTQNGTSSACIRRSKNSFFSRLNWLTHLNFKYPALNVTMPNNEQFDKLYIWGVHHPGTDKDQIFPYAQASGRITVSTKRSQQTAIPNIGSRPRVRNIPSRISIYWTIVKPGDILLINSTGNLIAPRGYFKIRSGKSSIMRSDAPIGKCNSGCITPNGSIPNDKPFQNVNRITYGACPRYVKQNTLKLATGMRNVPEKQTR,A/HONGKONG/26560/2009
QKIPGNDNSTATLCLGHHAVPNGTIVKTITNDRIEVTNATELVQNSSIGEICDSPHQILDGENCTLIDALLGDPQCDDFQNKKWDLFVERSKAYSNCYPYDVPDYASLRSLVASSGTLEFKDESFNWTGVTQNGKSSACIRRSSSSFFSRLNWLTHLNYTYPALNVTMPNKEQFDKLYIWGVHHPGTDKDQIFLYAQSSGRITVSTKRSQQAVIPNIGSRPRXRDIPSRISIYWTIVKPGDILLINSTGNLIAPRGYFKIRSGKSSIMRSDAPIGKCKSECITPNGSIPNDKPFQNVNRITYGACPRYVKHSTLKLATGMRNVPEKQTR,A/GREECE/4/2017
QKIPGNDNSTATLCLGHHAVPNGTIVKTITNDRIEVTNATELVQNSSIGEICDSPHQILDGENCTLIDALLGDPQCDDFQNKKWDLFVERSKAYSNCYPYDVPDYASLRSLVASSGTLEFKDESFNWTGVTQNGKSSACIRRSSSSFFSRLNWLTHLNYTYPALNVTMPNKEQFDKLYIWGVHHPGTDKDQIFLYAQSSGRITVSTKRSQQAVIPNIGSRPRXRDIPSRISIYWTIVKPGDILLINSTGNLIAPRGYFKIRSGKSSIMRSDAPIGKCKSECITPNGSIPNDKPFQNVNRITYGACPRYVKHSTLKLATGMRNVPEKQTR,NYMCX-303(HYA/GREECE/4/2017)
QKIPGNDNSTATLCLGHHAVPNGTIVKTITNDRIEVTNATELVQNSSIGEICDSPHQILDGENCTLIDALLGDPQCDGFQNKKWDLFVERSKAYSNCYPYDVPDYASLRSLVASSGTLEFKNESFNWTGVTQNGTSSACIRGSSSSFFSRLNWLTHLNYKYPALNVTMPNKEQFDKLYIWGVHHPGTDKDQIFPYAQSSGRITVSTKRSQQAVIPNIGSRPRIRGIPSRISIYWTIVKPGDILLINSTGNLIAPRGYFKIRSGKSSIMRSDAPIGKCKSECITPNGSIPNDKPFQNVNRITYGACPRYVKHSTLKLATGMRNVPEKQTR,NIB104(A/SINGAPORE/INFIMH-16-0019/2016)
QKIPGNDNSTATLCLGHHAVPNGTIVKTITNDRIEVTNATELVQNSSIGEICDSPHQILDGENCTLIDALLGDPQCDGFQNKKWDLFVERSKAYSNCYPYDVPDYASLRSLVASSGTLEFKNESFNWTGVTQNGTSSACIRGSSSSFFSRLNWLTHLNYTYPALNVTMPNKEQFDKLYIWGVHHPGTDKDQIFLYAQSSGRITVSTKRSQQAVIPNIGSRPRIRDIPSRISIYWTIVKPGDILLINSTGNLIAPRGYFKIRSGKSSIMRSDAPIGKCKSECITPNGSIPNDKPFQNVNRITYGACPRYVKHSTLKLATGMRNVPEKQTR,A/SINGAPORE/INFIMH-16-0019/2016
QKIPGNDNSTATLCLGHHAVPNGTIVKTITNDRIEVTNATELVQNSSIGEICDSPHQILDGENCTLIDALLGDPQCDGFQNKKWDLFVERSKAYSNCYPYDVPDYASLRSLVASSGTLEFKNESFNWTGVTQNGTSSACIRRSKSSFFSRLNWLTHLNYTYPALNVTMPNNEQFDKLYIWGVHHPGTDKDQIFLYAQSSGRITVSTKRSQQAVIPNIGSRPRIRDIPSRISIYWTIVKPGDILLINSTGNLIAPRGYFKIRSGKSSIMRSDAPIGKCKSECITPNGSIPNDKPFQNVNRITYGACPRYVKHSTLKLATGMRNVPEKQTR,A/NORWAY/4849/2016
QKIPGNDNSTATLCLGHHAVPNGTIVKTITNDRIEVTNATELVQNSSIGEICDSPHQILDGENCTLIDALLGDPQCDGFQNKKWDLFVERSKAYSNCYPYDVPDYASLRSLVASSGTLEFKNESFNWTGVTQNGTSSACIRRSSSSFFSRLNWLTHLNYTYPALNVTMPNKEQFDKLYIWGVHHPGTDKDQIFLYAQSSGRITVSTKRSQQAVVPNIGSRPRIRDIPSRISIYWTIVKPGDILLINSTGNLIAPRGYFKIRSGKSSIMRSDAPIGKCKSECITPNGSIPNDKPFQNVNRITYGACPRYVKHSTLKLATGMRNVPEKQTR,A/OMAN/5466/2016
QKIPGNDNSTATLCLGHHAVPNGTIVKTITNDRIEVTNATELVQNSSIGEICDSPHQILDGENCTLIDALLGDPQCDGFQNKKWDLFVERSKAYSNCYPYDVPDYASLRSLVASSGTLEFKNESFNWTGVTQNGTSSACMRRSSSSFFSRLNWLTHLNYKYPALNVTMPNKEQFDKLYIWGVHHPGTDKDQIFPYAQSSGRIIVSTKRSQQAVIPNIGSRPRIRDIPSRISIYWTIVKPGDILLINSTGNLIAPRGYFKIRSGKSSIMRSDAPIGKCKSECITPNGSIPNDKPFQNVNRITYGACPRYVKHSTLKLATGMRNVPEKQTR,NIB-103(A/NORWAY/3806/2016)
QKIPGNDNSTATLCLGHHAVPNGTIVKTITNDRIEVTNATELVQNSSIGEICDSPHQILDGENCTLIDALLGDPQCDGFQNKKWDLFVERSKAYSNCYPYDVPDYASLRSLVASSGTLEFKNESFNWTGVTQNGTSSACMRRSSSSFFSRLNWLTHLNYKYPALNVTMPNKEQFDKLYIWGVHHPGTDKDQIFPYAQSSGRIIVSTKRSQQAVIPNIGSRPRIRDIPSRISIYWTIVKPGDILLINSTGNLIAPRGYFKIRSGKSSIMRSDAPIGKCKSECITPNGSIPNDKPFQNVNRITYGACPRYVKHSTLKLATGMRNVPEKQTR,NYMCX-295(A/NORWAY/3806/2016)
QKIPGNDNSTATLCLGHHAVPNGTIVKTITNDRIEVTNATELVQNSSIGEICDSPHQILDGENCTLIDALLGDPQCDGFQNKKWDLFVERSKAYSNCYPYDVPDYASLRSLVASSGTLEFKNESFNWTGVTQNGTSSACMRRSSSSFFSRLNWLTHLNYTYPALNVTMPNKEQFDKLYIWGVHHPGTDKDQIFLYAQSSGRITVSTKRSQQAVIPNIGSRPRIRDIPSRISIYWTIVKPGDILLINSTGNLIAPRGYFKIRSGKSSIMRSDAPIGKCKSECITPNGSIPNDKPFQNVNRITYGACPRYVKHSTLKLATGMRNVPEKQTR,A/NORWAY/3806/2016
QKIPGNDNSTATLCLGHHAVPNGTIVKTITNDRIEVTNATELVQNSSIGEICDSPHQILDGENCTLIDALLGDPQCDGFQNKKWDLFVERSKAYSNCYPYDVPDYASLRSLVASSGTLEFNNESFNWTGVKQNGTSSACIRKSSSSFFSRLNWLTHLNYTYPALNVTMPNNEQFDKLYIWGVHHPGTDKDQIFLYAQSSGRITVSTKRSQQAVIPNIGSRPRIRDIPSRISIYWTIVKPGDILLINSTGNLIAPRGYFKIQSGKSSIMRSDAPIGKCKSECITPNGSIPNDKPFQNVNRITYGACPRYVKHSTLKLATGMRNVPEKQTR,A/NORWAY/4465/2016
QKIPGNDNSTATLCLGHHAVPNGTIVKTITNDRIEVTNATELVQNSSIGEICDSPHQILDGENCTLIDALLGDPQCDGFQNKKWDLFVERSKAYSNCYPYDVPDYASLRSLVASSGTLEFNNESFNWTGVKQNGTSSACIRKSSSSFFSRLNWLTHLNYXYPALNVTMPNNEQFDKLYIWGVHHPGTDKDQIFLYAQSSGRITVSTKRSQQAVIPNIGSRPRIRDIPSRISIYWTIVKPGDILLINSTGNLIAPRGYFKIQSGKSSIMRSDAPIGKCKSECITPNGSIPNDKPFQNVNRITYGACPRYVKHSTLKLATGMRNVPEKQTR,A/NANTES/1441/2017
QKIPGNDNSTATLCLGHHAVPNGTIVKTITNDRIEVTNATELVQNSSIGEICDSPHQILDGENCTLIDALLGDPQCDGFQNKKWDLFVERSKAYSNCYPYDVPDYASLRSLVASSGTLEFNNESFNWTGVKQNGTSSACIRKSSSSFFSRLNWLTHLXYTYPALNVTMPNNEQFDKLYIWGVHHPGTDKDQIFLYAQSSGRITVSTKRSQQTVIPNIGSRPRIRDIPSRISIYWTIVKPGDILLINSTGNLIAPRGYFKIQSGKSSIMRSDAPIGKCKSECITPNGSIPNDKPFQNVNRVTYGACPRYVKHSTLKLATGMRNVPEKQTR,A/HONGKONG/656/2018
QKIPGNDNSTATLCLGHHAVPNGTIVKTITNDRIEVTNATELVQNSSIGEICDSPHQILDGENCTLIDALLGDPQCDGFQNKKWDLFVERSKAYSNCYPYDVPDYASLRSLVASSGTLEFNNESFNWTGVTQNGTSSACIRGSSSSFFSRLNWLTHLNYKYPALNVTMPNNEQFDKLYIWGVHHPGTDKDQIFPYAQSSGRITVSTKRSQQAVIPNIGSRPRIRGIPSRISIYWTIVKPGDILLINSTGNLIAPRGYFKIRSGKSSIMRSDAPIGKCKSECITPNGSIPNDKPFQNVNRITYGACPRYVKHSTLKLATGMRNVPEKQTR,NIB-93(A/HONGKONG/7127/2014)
QKIPGNDNSTATLCLGHHAVPNGTIVKTITNDRIEVTNATELVQNSSIGEICDSPHQILDGENCTLIDALLGDPQCDGFQNKKWDLFVERSKAYSNCYPYDVPDYASLRSLVASSGTLEFNNESFNWTGVTQNGTSSACIRGSSSSFFSRLNWLTHLNYKYPALNVTMPNNEQFDKLYIWGVHHPGTDKDQIFPYAQSSGRITVSTKRSQQAVIPNIGSRPRIRGIPSRISIYWTIVKPGDILLINSTGNLIAPRGYFKIRSGKSSIMRSDAPIGKCKSECITPNGSIPNDKPFQNVNRITYGACPRYVKHSTLKLATGMRNVPEKQTR,NYMCX-261(A/HONGKONG/7127/2014)
QKIPGNDNSTATLCLGHHAVPNGTIVKTITNDRIEVTNATELVQNSSIGEICDSPHQILDGENCTLIDALLGDPQCDGFQNKKWDLFVERSKAYSNCYPYDVPDYASLRSLVASSGTLEFNNESFNWTGVTQNGTSSACIRKSSSSFFSRLNWLTHLNYTYPALNVTMPNNEQFDKLYIWGVHHPGTDKDQIFLYARSSGRITVSTKRSQQAVIPNIGSRPRIRDIPSRISIYWTIVKPGDILLINSTGNLIAPRGYFKIRSGKSSIMRSDAPIGKCKSECITPNGSIPNDKPFQNVNRITYGACPRYVKHSTLKLATGMRNVPEKQTR,A/SOUTHAFRICA/R2665/2015
QKIPGNDNSTATLCLGHHAVPNGTIVKTITNDRIEVTNATELVQNSSIGEICDSPHQILDGENCTLIDALLGDPQCDGFQNKKWDLFVERSKAYSNCYPYDVPDYASLRSLVASSGTLEFNNESFNWTGVTQNGTSSACIRKSSSSFFSRLNWLTHLNYTYPALNVTVPNNEQFDKLYIWGVHHPGTDKDQIFLYARSSGRITVSTKRSQQAVIPNIGSRPRIRDIPSRISIYWTIVKPGDVLLINSTGNLIAPRGYFKIRSGKSSIMRSDAPIGKCKSECITPNGSIPNDKPFQNVNRITYGACPRYVKHSTLKLATGMRNVPEKQTR,A/SLOVENIA/129/2016
QKIPGNDNSTATLCLGHHAVPNGTIVKTITNDRIEVTNATELVQNSSIGEICDSPHQILDGENCTLIDALLGDPQCDGFQNKKWDLFVERSKAYSNCYPYDVPDYASLRSLVASSGTLEFNNESFNWTGVTQNGTSSACIRKSSSSFFSRLNWLTHLXYXYPALNVTMPNNEQFDKLYIWGVHHPGTDKDQIFLYARSSGRITVSTKRSQQAVIPNIGSRPRIRDIPSRISIYWTIVKPGDILLINSTGNLIAPRGYFKIRSGKSSIMRSDAPIGKCKSECITPNGSIPNDKPFQNVNRITYGACPRYVKHSTLKLATGMRNVPEKQTR,A/GEORGIA/532/2015
QKIPGNDNSTATLCLGHHAVPNGTIVKTITNDRIEVTNATELVQNSSIGEICDSPHQILDGENCTLIDALLGDPQCDGFQNKKWDLFVERSKAYSNCYPYDVPDYASLRSLVASSGTLEFNNESFNWTGVTQNGTSSACIRRSSSSFFSRLNWLTHLNYKYPALNVTMPNNEQFDKLYIWGVHHPGTDKDQIFLYAQSSGRITVSTKRSQQAVIPNIGSRPRIRDIPSRISIYWTIVKPGDILLINSTGNLIAPRGYFKIRSGKSSIMRSDAPIGKCKSECITPNGSIPNDKPFQNVNRITYGACPRYVKHSTLKLATGMRNVPEKQTR,A/ENGLAND/530/2014
QKIPGNDNSTATLCLGHHAVPNGTIVKTITNDRIEVTNATELVQNSSIGEICDSPHQILDGENCTLIDALLGDPQCDGFQNKKWDLFVERSKAYSNCYPYDVPDYASLRSLVASSGTLEFNNESFNWTGVTQNGTSSACIRRSSSSFFSRLNWLTHLNYTYPALNVTMPNKEQFDKLYIWGVHHPGTDKDQIFLYAQSSGRITVSTKRSQQAVIPNIGSRPRIRDIPSRISIYWTIVKPGDILLINSTGNLIAPRGYFKIRSGKSSIMRSDAPIGKCKSECITPNGSIPNDKPFQNVNRITYGACPRYVKHRTLKLATGMRNVPEKQTR,A/HONGKONG/50/2016
QKIPGNDNSTATLCLGHHAVPNGTIVKTITNDRIEVTNATELVQNSSIGEICDSPHQILDGENCTLIDALLGDPQCDGFQNKKWDLFVERSKAYSNCYPYDVPDYASLRSLVASSGTLEFNNESFNWTGVTQNGTSSACIRRSSSSFFSRLNWLTHLNYTYPALNVTMPNKEQFDKLYIWGVHHPGTDKDQIFLYAQSSGRITVSTKRSQQAVIPNIGSRPRIRDIPSRISIYWTIVKPGDILLINSTGNLIAPRGYFKIRSGKSSIMRSDAPIGKCKSECITPNGSIPNDKPFQNVNRITYGACPRYVKHRTLKLATGMRNVPEKQTR,NYMCX-297(A/HONGKONG/50/2016)
QKIPGNDNSTATLCLGHHAVPNGTIVKTITNDRIEVTNATELVQNSSIGEICDSPHQILDGENCTLIDALLGDPQCDGFQNKKWDLFVERSKAYSNCYPYDVPDYASLRSLVASSGTLEFNNESFNWTGVTQNGTSSACIRRSSSSFFSRLNWLTHLNYTYPALNVTMPNNEQFDKLYIWGVHHPGTDKDQIFLYAQSSGRITVSTKRSQQAVIPNIGSRPRIRDIPSRISIYWTIVKPGDILLINSTGNLIAPRGYFKIRSGKSSIMRSDAPIGKCKSECITPNGSIPNDKPFQNVNRITYGACPRYVKHSTLKLATGMRNVPEKQTR,A/HONGKONG/4801/2014
QKIPGNDNSTATLCLGHHAVPNGTIVKTITNDRIEVTNATELVQNSSIGEICDSPHQILDGENCTLIDALLGDPQCDGFQNKKWDLFVERSKAYSNCYPYDVPDYASLRSLVASSGTLEFNNESFNWTGVTQNGTSSACIRRSSSSFFSRLNWLTHLNYTYPALNVTMPNNEQFDKLYIWGVHHPGTDKDQIFLYAQSSGRITVSTKRSQQAVIPNIGSRPRIRDIPSRISIYWTIVKPGDILLINSTGNLIAPRGYFKIRSGKSSIMRSDAPIGKCKSECITPNGSIPNDKPFQNVNRITYGACPRYVKHSTLKLATGMRNVPEKQTR,A/HONGKONG/7127/2014
QKIPGNDNSTATLCLGHHAVPNGTIVKTITNDRIEVTNATELVQNSSIGEICDSPHQILDGENCTLIDALLGDPQCDGFQNKKWDLFVERSKAYSNCYPYDVPDYASLRSLVASSGTLEFNNESFNWTGVTQNGTSSACIRRSSSSFFSRLNWLTHLNYTYPALNVTMPNNEQFDKLYIWGVHHPGTDKDQIFLYAQSSGRITVSTKRSQQAVIPNIGSRPRIRDIPSRISIYWTIVKPGDILLINSTGNLIAPRGYFKIRSGKSSIMRSDAPIGKCKSECITPNGSIPNDKPFQNVNRITYGACPRYVKHSTLKLATGMRNVPEKQTR,NYMCX-263B(A/HONGKONG/4801/2014)
QKIPGNDNSTATLCLGHHAVPNGTIVKTITNDRIEVTNATELVQNSSIGEICDSPHQILDGENCTLIDALLGDPQCDGFQNKKWDLFVERSKAYSNCYPYDVPDYASLRSLVASSGTLEFNNESFNWTGVTQNGTSSACIRRSSSSFFSRLNWLTHLNYTYPALNVTMPNNGQFDKLYIWGVHHPGTDKDQIFLYAQSSGRITVSTKRSQQAVIPNIGSRPRIRDIPSRISIYWTIVKPGDILLINSTGNLIAPRGYFKIRSGKSSIMRSDAPIGKCKSECITPNGSIPNDKPFQNVNRITYGACPRYVKHSTLKLATGMRNVPEKQTR,A/SYDNEY/71/2014
QKIPGNDNSTATLCLGHHAVPNGTIVKTITNDRIEVTNATELVQNSSIGEICDSPHQILDGENCTLIDALLGDPQCDGFQNKKWDLFVERSKAYSNCYPYDVPDYASLRSLVASSGTLEFNNESFNWTGVTQNGTSSACIRRSSSSFFSRLNWLTHLXYTYPALNVTMPNNEQFDKLYIWGVHHPGTDKDQIFLYAQSSGRITVSTKRSQQAVIPNIGSRPRIRDIPSRISIYWTIVKPGDILLINSTGNLIAPRGYFKIRSGKSSIMRSDAPIGKCKSECITPNGSIPNDKPFQNVNRITYGACPRYVKHSTLKLATGMRNVPEKQTR,A/HONGKONG/5738/2014
QKIPGNDNSTATLCLGHHAVPNGTIVKTITNDRIEVTNATELVQNSSIGEICDSPHQILDGENCTLIDALLGDPQCDGFQNKKWDLFVERSKAYSSCYPYDVPDYASLRSLVASSGTLEFNNESFNWTGVKQNGTSSACIRKSSSSFFSRLNWLTHLNYKYPALNVTMPNNEQFDKLYIWGVHHPGTDKDQIFPYAQSSGRITVSTKRSQQAVIPNIGSRPRIRDIPSRISIYWTIVKPGDILLINSTGNLIAPRGYFKIQSGKSSIMRSDAPIGKCKSECITPNGSIPNDKPFQNVNRITYGACPRYVKHSTLKLATGMRNVPEKQTR,A/SWITZERLAND/8060/2017
QKIPGNDNSTATLCLGHHAVPNGTIVKTITNDRIEVTNATELVQNSSIGEICDSPHQILDGGNCTLIDALLGDPQCDGFQNKEWDLFVERSRANSNCYPYDVPDYASLRSLVASSGTLEFKNESFNWTGVKQNGTSSACIRGSSSSFFSRLNWLTHLNNIYPAQNVTMPNKEQFDKLYIWGVHHPNTDKNQISLFAQSSGIITVSTKRSQQAVIPNIGSRPRIRGIPSRISIYWTIVKPGDILLINSTGNLIAPRGYFKIRSGKSSIMRSDAPIGKCKSECITPNGSIPNDKPFQNVNRITYGACPRYVKQSTLKLATGMRNVPEKQTR,A/MICHIGAN/173/2020
QKIPGNDNSTATLCLGHHAVPNGTIVKTITNDRIEVTNATELVQNSSIGEICDSPHQILDGGNCTLIDALLGDPQCDGFQNKEWDLFVERSRANSNCYPYDVPDYASLRSLVASSGTLEFKNESFNWTGVKQNGTSSACIRGSSSSFFSRLNWLTHLNYKYPALNVTMPNKEQFDKLYIWGVYHPSTDKDQISLFAQPSGRITVSTKRSQQAVIPNIGSRPRIRGIPSRISIYWTIVKPGDILLINSTGNLIAPRGYFKIRSGKSSIMRSDAPIGKCKSECITPNGSIPNDKPFQNVNRITYGACPRYVKQSTLKLATGMRNVPEKQTR,A/TASMANIA/503/2020
QKIPGNDNSTATLCLGHHAVPNGTIVKTITNDRIEVTNATELVQNSSIGEICDSPHQILDGGNCTLIDALLGDPQCDGFQNKEWDLFVERSRANSNCYPYDVPDYASLRSLVASSGTLEFKNESFNWTGVKQNGTSSACIRGSSSSFFSRLNWLTHLNYKYPALNVTMPNNEQFDKLYIWGVHHPRTDKDQISLFAQPSGRITVSTKRSQQAVIPNIGSRPRIRDIPSRISIYWTIVKPGDILLINSTGNLIAPRGYFKIRSGKSSIMRSDAPIGKCKSECITPNGSIPNDKPFQNVNRITYGACPRYVKQSTLKLATGMRNVPEKQTR,A/CAMBODIA/E0826360/2020
QKIPGNDNSTATLCLGHHAVPNGTIVKTITNDRIEVTNATELVQNSSIGEICDSPHQILDGGNCTLIDALLGDPQCDGFQNKEWDLFVERSRANSNCYPYDVPDYASLRSLVASSGTLEFKNESFNWTGVKQNGTSSACIRGSSSSFFSRLNWLTHLNYTYPALNVTMPNKEQFDKLYIWGVHHPGTDKDQIFLYAQSSGRITVSTKRSQQAVIPNIGSRPRIRDIPSRISIYWTIVKPGDILLINSTGNLIAPRGYFKIRSGKSSIMRSDAPIGKCKSECITPNGSIPNDKPFQNVNRITYGACPRYVKQSTLKLATGMRNVPEKQTR,A/NORWAY/2279/2019
QKIPGNDNSTATLCLGHHAVPNGTIVKTITNDRIEVTNATELVQNSSIGEICDSPHQILDGGNCTLIDALLGDPQCDGFQNKEWDLFVERSRANSNCYPYDVPDYASLRSLVASSGTLEFKNESFNWTGVKQNGTSSACIRGSSSSFFSRLNWLTHLNYTYPALNVTMPNKEQFDKLYIWGVHHPSTDKDQISLFAQPSGRITVSTKRSQQAVIPNIGSRPRIRDIPSRISIYWTIVKPGDILLINSTGNLIAPRGYFKIRSGKSSIMRSDAPIGKCKSECITPNGSIPNDKPFQNVNRITYGACPRYVKQSTLKLATGMRNVPEKQTR,A/FINLAND/183/2020
QKIPGNDNSTATLCLGHHAVPNGTIVKTITNDRIEVTNATELVQNSSIGEICDSPHQILDGGNCTLIDALLGDPQCDGFQNKKWDLFVERSRAYSNCYPYDVPDYASLRSLVASSGTLEFKNESFNWAGVTQNGKSSACIRGSSSSFFSRLNWLTHLNYTYPALNVTMPNKEQFDKLYIWGVHHPGTDKDQIFLYAQSSGRITVSTKRSQQAVIPNIGSRPRIRDIPSRISIYWTIVKPGDILLINSTGNLIAPRGYFKILSGKSSIMRSDAPIGKCKSECITPNGSIPNDKPFQNVNRITYGACPRYVKQSTLKLATGMRNVPEKQTR,A/NETHERLANDS/10260/2018
QKIPGNDNSTATLCLGHHAVPNGTIVKTITNDRIEVTNATELVQNSSIGEICDSPHQILDGGNCTLIDALLGDPQCDGFQNKKWDLFVERSRAYSNCYPYDVPDYASLRSLVASSGTLEFKNESFNWAGVTQNGKSSACIRGSSSSFFSRLNWLTHLNYTYPALNVTMPNKEQFDKLYIWGVHHPGTDKDQIFLYAQSSGRITVSTKRSQQAVIPNIGSRPRIRDIPSRISIYWTIVKPGDILLINSTGNLIAPRGYFKIRSGKSSIMRSDAPIGKCKSECITPNGSIPNDKPFQNVNRITYGACPRYVKQSTLKLATGMRNVPEKQTR,A/HONGKONG/674/2018
QKIPGNDNSTATLCLGHHAVPNGTIVKTITNDRIEVTNATELVQNSSIGEICDSPHQILDGGNCTLIDALLGDPQCDGFQNKKWDLFVERSRAYSNCYPYDVPDYASLRSLVASSGTLEFKNESFNWAGVTQNGKSSACIRGSSSSFFSRLNWLTHLNYTYPALNVTMPNKEQFDKLYIWGVHHPGTDKDQIFLYAQSSGRITVSTKRSQQAVIPNIGSRPRIRDIPSRISIYWTIVKPGDILLINSTGNLIAPRGYFKIRSGKSSIMRSDAPIGKCKSECITPNGSIPNDKPFQNVNRITYGACPRYVKQSTLKLATGMRNVPEKQTR,A/NORWAY/2620/2018
QKIPGNDNSTATLCLGHHAVPNGTIVKTITNDRIEVTNATELVQNSSIGEICDSPHQILDGGNCTLIDALLGDPQCDGFQNKKWDLFVERSRAYSNCYPYDVPDYASLRSLVASSGTLEFKNESFNWAGVTQNGKSSSCIRGSSSSFFSRLNWLTHLNYTYPALNVTMPNKEQFDKLYIWGVHHPDTDKNQISLYAQPSGRITVSTKRSQQAVIPNIGSRPRIRDIPSRISIYWTIVKPGDILLINSTGNLIAPRGYFKIRSGKSSIMRSDAPIGKCKSECITPNGSIPNDKPFQNVNRITYGACPRYVKQSTLKLATGMRNVPEKQTR,A/DENMARK/3264/2019
QKIPGNDNSTATLCLGHHAVPNGTIVKTITNDRIEVTNATELVQNSSIGEICDSPHQILDGGNCTLIDALLGDPQCDGFQNKKWDLFVERSRAYSNCYPYDVPDYASLRSLVASSGTLEFKNESFNWAGVTQNGKSSSCIRGSSSSFFSRLNWLTHLNYTYPALNVTMPNKEQFDKLYIWGVHHPDTDKNQISLYAQPSGRITVSTKRSQQAVIPNIGSRPRIRDIPSRISIYWTIVKPGDILLINSTGNLIAPRGYFKIRSGKSSIMRSDAPIGKCKSECITPNGSIPNDKPFQNVNRITYGACPRYVKQSTLKLATGMRNVPEKQTR,A/PARIS/2554/2019
QKIPGNDNSTATLCLGHHAVPNGTIVKTITNDRIEVTNATELVQNSSIGEICDSPHQILDGGNCTLIDALLGDPQCDGFQNKKWDLFVERSRAYSNCYPYDVPDYASLRSLVASSGTLEFKNESFNWTGVKQNGTSSACIRGSSSSFFSRLNWLTHLNYKYPALNVTMPNKEQFDKLYIWGVHHPITDKDQIFLYAQSSGRITVSTKRSQQAVIPNIGFRPRIRDIPSRISIYWTIVKPGDILLINSTGNLIAPRGYFKIRSGKSSIMRSDAPIGKCKSECITPNGSIPNDKPFQNVNRITYGACPRYVKQSTLKLATGMRNVPEKQTR,A/SOUTHAUSTRALIA/34/2019
QKIPGNDNSTATLCLGHHAVPNGTIVKTITNDRIEVTNATELVQNSSIGEICDSPHQILDGGNCTLIDALLGDPQCDGFQNKKWDLFVERSRAYSNCYPYDVPDYASLRSLVASSGTLEFKNESFNWTGVKQNGTSSACIRGSSSSFFSRLNWLTHLNYKYPALNVTMPNKEQFDKLYIWGVHHPITDKDQIFLYAQSSGRITVSTKRSQQAVIPNIGFRPRIRDIPSRISIYWTIVKPGDILLINSTGNLIAPRGYFKIRSGKSSIMRSDAPIGKCKSECITPNGSIPNDKPFQNVNRITYGACPRYVKQSTLKLATGMRNVPEKQTR,IVR-197(A/SOUTHAUSTRALIA/34/2019)
QKIPGNDNSTATLCLGHHAVPNGTIVKTITNDRIEVTNATELVQNSSIGEICDSPHQILDGGNCTLIDALLGDPQCDGFQNKKWDLFVERSRAYSNCYPYDVPDYASLRSLVASSGTLEFKNESFNWTGVKQNGTSSACIRGSSSSFFSRLNWLTHLNYTYPALNVTMPNKEQFDKLYIWGVHHPGTDKDQIFPYARSSGRITVSTKRSQQAVIPNIGFRPRIRDIPSRISIYWTIVKPGDILLINSTGNLIAPRGYFKIRSGKSSIMRSDAPIGKCKSECITPNGSIPNDKPFQNVNRITYGACPRYVKQSTLKLATGMRNVPEKQTR,A/CHRISTCHURCH/515/2019
QKIPGNDNSTATLCLGHHAVPNGTIVKTITNDRIEVTNATELVQNSSIGEICDSPHQILDGGNCTLIDALLGDPQCDGFQNKKWDLFVERSRAYSNCYPYDVPDYVSLRSLVASSGTLEFKNESFNWTGVKQNGTSSACIRGSSSSFFSRLNWLTHLNYTYPALNVTMPNKEQFDKLYIWGVHHPGTDKDQIFLYAQSSGRITVSTKRSQQAVIPNIGSRPRIRDIPSRISIYWTIVKPGDILLINSTGNLIAPRGYFKIRSGKSSIMRSDAPIGKCKSECITPNGSIPNDKPFQNVNRITYGACPRYVKQSTLKLATGMRNVPEKQTR,A/NORWAY/3275/2018
QKIPGNDNSTATLCLGHHAVPNGTIVKTITNDRIEVTNATELVQNSSIGKICDSPHQILDGGNCTLIDALLGDPQCDGVQNKEWDLFVERSRANSNCYPYDVPDYASLRSLVASSGTLEFKNESFNWTGVKQNGTSSACKRGSSSSFFSRLNWLTHLNNIYPAQNVTMPNKEQFDKLYIWGVHHPDTDKNQISLFAQSSGRITVSTKRSQQAVIPNIGSRPRIRDIPSRISIYWTIVKPGDMLLINSTGNLIAPRGYFKIRSGKSSIMRSDAPIGKCKSECITPNGSIPNDKPFQNVNRITYGACPRYVKQSTLKLATGMRNVPEKQTR,A/LILLE/50053/2022
QKIPGNDNSTATLCLGHHAVPNGTIVKTITNDRIEVTNATELVQNSSMGEICDSPHQILDGGNCTLIDALLGDPQCDGFQNKKWDLFVERSRAYSNCYPYDVPDYASLRSLVASSGTLEFKNESFNWTGVKQNGTSSACIRGSSSSFFSRLNWLTHLNYTYPALNVTMPNKEQFDKLYIWGVHHPGTDKDQIFLYARSSGRITVSTRRSQQAVTPNIGFRPRIRDIPSRISIYWTIVKPGDILLINSTGNLIAPRGYFKIRSGKSSIMRSDAPIGKCKSECITPNGSIPNDKPFQNVNRITYGACPRYVKQSTLKLATGMRNVPEKQTR,A/HUNGARY/64/2020
QKIPGNDNSTATLCLGHHAVSNGTIVKTITNDRIEVTNATELVQNSSIGEICDSPHQILDGENCTLIDALLGDPQCDGFQNKKWDLFVERSRAYSNCYPYDVPDYASLRSLVASSGTLEFNNESFNWTGVKQNGTSSACIRKSSSSFFSRLNWLTHLNYKYPALNVTMPNNEQFDKLYIWGVHHPGTDKDQIFLYAQSSGRITVSTKRSQQAVIPNIGFRPRIRDIPSRISIYWTIVKPGDILLINSTGNLIAPRGYFKIQSGKSSIMRSDAPIGKCKSECITPNGSIPNDKPFQNVNRITYGACPRYVKHSTLKLATGMRNVPEKQTR,A/BRETAGNE/1413/2017
QKIPGNDNSTATLCLGHHAVSNGTIVKTITNDRIEVTNATELVQNSSIGEICDSPHQILDGENCTLIDALLGDPQCDGFQNKKWDLFVERSRAYSNCYPYDVPDYASLRSLVASSGTLEFNNESFNWTGVKQNGTSSACIRKSSSSFFSRLNWLTHLNYTYPALNVTMPNNEQFDKLYIWGVHHPGTDKDQIFLYAQSSGRITVSTKRSQQAVIPNIGFRPRIRDIPSRISIYWTIVKPGDILLINSTGNLIAPRGYFKIQSGKSSIMRSDAPIGKCKSECITPNGSIPNDKPFQNVNRITYGACPRYVKHSTLKLATGMRNVPEKQTR,A/BRETAGNE/1565/2017
QKIPVNDNSTATLCLGHHAVPNGTIVKTITNDRIEVTNATELVQNSSIGEICDSPHQILDGGNCTLIDALLGDPQCDGFQNKEWDLFVERSRANSNCYPYDVPDYASLRSLVASSGTLEFKNESFNWTGVKQNGTSSACIRGSSSSFFSRLNWLTHLNYTYPALNVTMPNNEQFDKLYIWGVHHPSTDKDQISLFAQPSGRITVSTKRSQQAVIPNIGSRPRIRDIPSRISIYWTIVKPGDILLINSTGNLIAPRGYFKIRSGKSSIMRSDAPIGKCKSECITPNGSIPNDKPFQNVNRITYGACPRYVKQSTLKLATGMRNVPEKQTR,A/CALIFORNIA/55/2020
QKLPGIDNSTATLCLGHHAVPNGTVVKTITNDQIEVTNATELVQSSSTGGICDSPHQILDGENCTLIDALLGDPQCDGFQNKKWDLFVERSKAYSNCYPYDVPDYASLRSLVASSGTLEFNNESFNWAGVTQNGTSSACKRGSNNSFFSRLNWLTHSKFKYPALNVTMPNNEEFDKLYIWGVHHPVTDNDQIFLYAQASGRITVSTKRSQQTVIPNIGSRPRVRNIPSRISIYWTIVKPGDILLINSTGNLIAPRGYFKIRSGKSSIMRSDAPIGKCNSECITPNGSIPNDKPFQNVNRITYGACPRYVKQTTLKLATGMRNVPEKQTR,A/SERRES/77/2007
QKLPGNDNSTATLCIGHHAVPNGTIVKTITNDQIEVTNATELVQSSSTGGICDSPHQILDGENCTLIDALLGDPQCDGFQNKKWDLFVERSKAYSNCYPYDVPDYASLRSLIASSGTLEFNNESFNWTGVTQNGTSSACKRRSNNSFFSRLNWLTHLKFKYPALNVTMPNNEEFDKLYIWGVHHPGTDNDQISLYAQASGKITVSTKRSQQTVIPNIGSRPRVRDIPSRISIYWTIVKPGDILLINSTGNLIAPRGYFKIRSGKSSIMRSDAPIGKCNSECITPNGSIPNDKPFQNVNRITYGACPRYVKQNTLKLATGMRNVPEKQTR,A/BRISBANE/3/2005
QKLPGNDNSTATLCLGHHAVPNGTIVKTITNDQIEVTNATELVQNSSIGEICDSPHQILDGENCTLIDALLGDPQCDGFQNKKWDLFVERSKAYSNCYPYDVPDYASLRSLVASSGTLEFNNESFNWTGVTQNGTSSACIRRSNNSFFSRLNWLTHLNFKYPALNVTMPNNEQFDKLYIWGVHHPGTDKDQIFLYAQSSGRITVSTKRSQQAVIPNIGSRPRIRNIPSRISIYWTIVKPGDILLINSTGNLIAPRGYFKIRSGKSSIMRSDAPIGKCNSECITPNGSIPNDKPFQNVNRITYGACPRYVKQSTLKLATGMRNVPEKQTR,A/HONGKONG/3969/2011
QKLPGNDNSTATLCLGHHAVPNGTIVKTITNDQIEVTNATELVQNSSIGEICDSPHQILDGENCTLIDALLGDPQCDGFQNKKWDLFVERSKAYSNCYPYDVPDYASLRSLVASSGTLEFNNESFNWTGVTQNGTSSACIRRSNNSFFSRLNWLTHLNFKYPALNVTMPNNEQFDKLYIWGVHHPGTDKDQIFLYAQSSGRITVSTKRSQQAVIPNIGSRPRIRNIPSRISIYWTIVKPGDILLINSTGNLIAPRGYFKIRSGKSSIMRSDAPIGKCNSECITPNGSIPNDKPFQNVNRITYGACPRYVKQSTLKLATGMRNVPEKQTR,A/SOUTHAUSTRALIA/3/2011
QKLPGNDNSTATLCLGHHAVPNGTIVKTITNDQIEVTNATELVQNSSTGEICDSPHQILDGKNCTLIDALLGDPQCDGFQNKKWDLFVERSKAYSNCYPYDVPDYASLRSLVASSGTLEFNNESFNWTGVTQNGTSSACIRRSKNSFFSRLNWLTHLNFKYPALNVTMPNNEQFDKLYIWGVHHPVTDKDQIFLYAQASGRITVSTKRSQQTVIPNIGSRPXVRNIPSRISIYWTIVKPGDILLINSTGNLIAPRGYFKMQSGKSSIMRSDAPIGKCNSECITPNGSIPNDKPFQNVNRITYGACPRYVKQNTLKLATGMRNVPEKQTR,A/VICTORIA/210/2009
QKLPGNDNSTATLCLGHHAVPNGTIVKTITNDQIEVTNATELVQSSSAGEICDSPHQILDGENCTLIDALLGDPQCDGFQNKKWDLFVERSKAYSNCYPYDVPDYASLRSLVASSGTLEFNNESFNWTGVTQNGTSSACIRRSNSSFFSRLNWLTHLNFKYPALNVTMPNNEQFDKLYIWGVHHPGTDKDQIFLYAQSSGRITVSTKRSQQAVIPNIGFRPRIRNIPSRISIYWTIVKPGDILLINSTGNLIAPRGYFKIRSGKSSIMRSDAPIGKCNSECITPNGSIPNDKPFQNVNRITYGACPRYVKQSTLKLATGMRNVPEKQTR,A/ENGLAND/259/2011
QKLPGNDNSTATLCLGHHAVPNGTIVKTITNDQIEVTNATELVQSSSAGEICDSPHQILDGENCTLIDALLGDPQCDGFQNKKWDLFVERSRAYSNCYPYDVPDYASLRSLVASSGTLEFNNESFNWTGVTQNGTSSACIRRSNNSFFSRLNWLTHLNFKYPALNVTMPNNEQFDKLYIWGVXHPGTDKDQIFLYAQASGRITVSTKRSQQAVIPNIGSRXRVRNIPSRISIYWTIVKPGDILLINSTGNLIAPRGYFKIRSGKSSIMRSDAPIGKCNSECITPNGSIPNDKPFQNVNRITYGACPRYVKQSTLKLATGMRNVPEKQTR,A/RHODEISLAND/01/2010
QKLPGNDNSTATLCLGHHAVPNGTIVKTITNDQIEVTNATELVQSSSTGEICDSPHQILDGENCTLIDALLGDPQCDGFQNKKWDLFVERSKAYSNCYPYDVPDYASLRSLVASSGTLEFNNESFNWAGVTQNGTSSACKRRSNNSFFSRLNWLTHLKFKYPALNVTMPNDEKFDKLYIWGVHHPGTDNDQIFPYAQTSGRITVSTKRSQQTVIPNIGSRPRVRNIPSRISIYWTIVKPGDILLINSTGNLIAPRGYFKIRSGKSSIMRSDAPIGKCNSECITPNGSIPNDKPFQNVNRITYGACPRYVKQNTLKLATGMRNVPEKQTR,A/ZAGREB/1216/2007
QKLPGNDNSTATLCLGHHAVPNGTIVKTITNDQIEVTNATELVQSSSTGEICDSPHQILDGENCTLIDALLGDPQCDGFQNKKWDLFVERSKAYSNCYPYDVPDYASLRSLVASSGTLEFNNESFNWTGVTQNGTSSACIRRSDSSFFSRLNWLTHLNFKYPALNVTMPNNEQFDKLYIWGVHHPGTDKDQIFLYAQASGRITVSTKRSQQAVIPNIGSRPRIRNIPSRISIYWTIVKPGDILLINSTGNLIAPRGYFKIRSGKSSIMRSDAPIGKCNSECITPNGSIPNDKPFQNVNRITYGACPRYVKQNTLKLATGMRNVPEKQTR,A/SOUTHAUSTRALIA/30/2012
QKLPGNDNSTATLCLGHHAVPNGTIVKTITNDQIEVTNATELVQSSSTGEICDSPHQILDGENCTLIDALLGDPQCDGFQNKKWDLFVERSKAYSNCYPYDVPDYASLRSLVASSGTLEFNNESFNWTGVTQNGTSSACIRRSDSSFFSRLNWLTHLNFKYPALNVTMPNNEQFDKLYIWGVHHPGTDKDQIFLYAQASGRITVSTKRSQQAVIPNIGSRPRIRNIPSRISIYWTIVKPGDILLINSTGNLIAPRGYFKIRSGKSSIMRSDAPIGKCNSECITPNGSIPNDKPFQNVNRITYGACPRYVKQNTLKLATGMRNVPEKQTR,A/STOCKHOLM/18/2011
QKLPGNDNSTATLCLGHHAVPNGTIVKTITNDQIEVTNATELVQSSSTGEICDSPHQILDGENCTLIDALLGDPQCDGFQNKKWDLFVERSKAYSNCYPYDVPDYASLRSLVASSGTLEFNNESFNWTGVTQNGTSSACIRRSNNSFFSRLNWLTHLKFKYPALNVTMPNNEKFDKLYIWGVHHPGTDNDQIFLYAQASGRITVSTKRSQQTVIPNIGSRPRVRNIPSRISIYWTIVKPGDILLINSTGNLIAPRGYFKIQSGKSSIMRSDAPIGKCNSECITPNGSIPNDKPFQNVNRITYGACPRYVKQNTLKLATGMRNVPEKQTR,A/FINLAND/9/2008
QKLPGNDNSTATLCLGHHAVPNGTIVKTITNDQIEVTNATELVQSSSTGEICDSPHQILDGENCTLIDALLGDPQCDGFQNKKWDLFVERSKAYSNCYPYDVPDYASLRSLVASSGTLEFNNESFNWTGVTQNGTSSACIRRSNNSFFSRLNWLTHLNFKYPALNVTMPNNEQFDKLYIWGVHHPGTDKDQIFLYAQASGRITVSTKRSQQAVIPNIGSRPRVRNIPSRISIYWTIVKPGDILLINSTGNLIAPRGYFKIRSGKSSIMRSDAPIGKCNSECITPNGSIPNDKPFQNVNRITYGACPRYVKQNTLKLATGMRNVPEKQTR,A/VICTORIA/208/2009
QKLPGNDNSTATLCLGHHAVPNGTIVKTITNDQIEVTNATELVQSSSTGEICDSPHQILDGENCTLIDALLGDPQCDGFQNKKWDLFVERSKAYSNCYPYDVPDYASLRSLVASSGTLEFNNESFNWTGVTQNGTSSACMRGSNSSFFSRLNWLTHLNFKYPALNVTMPNNEQFDKLYIWGVHHPGTDKDQIFPYAQSSGRITVSTKRSQQAVIPNIGSRPRIRNIPSRISIYWTIVKPGDILLINSTGNLIAPRGYFKIRSGKSSIMRSDAPIGKCNSECITPNGSIPNDKPFQNVNRITYGACPRYVKQSTLKLATGMRNVPEKQTR,A/OHIO/2/2012
QKLPGNDNSTATLCLGHHAVPNGTIVKTITNDQIEVTNATELVQSSSTGEICDSPHQILDGENCTLIDALLGDPQCDGFQNKKWDLFVERSKAYSNCYPYDVPDYASLRSLVASSGTLEFNNESFNWTGVTQNGTSSSCIRRSNNSFFSRLNWLTHLKFKYPALNVTMPNNEKFDKLYIWGVHHPGTDNDQIFPYAQASGRITVSTKRSQQTVIPNIGSRPRVRNIPSRISIYWTIVKPGDILLINSTGNLIAPRGYFKIRSGKSSIMRSDAPIGKCNSECITPNGSIPNDKPFQNVNRITYGACPRYVKQNTLKLATGMRNVPEKQTR,A/URUGUAY/716/2007
QKLPGNDNSTATLCLGHHAVPNGTIVKTITNDQIEVTNATELVQSSSTGEICDSPHQILDGKNCTLIDALLGDPQCDGFQNKKWDLFVERSKAYSNCYPYDVPDYASLRSLVASSGTLEFNNESFNWTGVTQNGTSSACIRRSKNSFFSRLNWLTHLNFKYPALNVTMPNNEQFDKLYIWGVHHPGTDKDQIFLYAQASGRITVSTKRSQQTAIPNIGSRPRVRNIPSRISIYWTIVKPGDILLINSTGNLIAPRGYFKIRSGKSSIMRSDAPIGKCNSECITPNGSIPNDKPFQNVNRITYGACPRYVKQNTLKLATGMRNVPEKQTR,A/HONGKONG/1952/2009
QKLPGNDNSTATLCLGHHAVPNGTIVKTITNDQIEVTNATELVQSSSTGEICDSPHQILDGKNCTLIDALLGDPQCDGFQNKKWDLFVERSKAYSNCYPYDVPDYASLRSLVASSGTLEFNNESFNWTGVTQNGTSSACIRRSKNSFFSRLNWLTHLNFKYPALNVTMPNNEQFDKLYIWGVHHPGTDKDQIFLYAQASGRITVSTKRSQQTAIPNIGSRPRVRNIPSRISIYWTIVKPGDILLINSTGNLIAPRGYFKIRSGKSSIMRSDAPIGKCNSECITPNGSIPNDKPFQNVNRITYGACPRYVKQNTLKLATGMRNVPEKQTR,A/HONGKONG/34430/2009
QKLPGNDNSTATLCLGHHAVPNGTIVKTITNDQIEVTNATELVQSSSTGEICDSPHQILDGKNCTLIDALLGDPQCDGFQNKKWDLFVERSKAYSNCYPYDVPDYASLRSLVASSGTLEFNNESFNWTGVTQNGTSSACIRRSKNSFFSRLNWLTHLNFKYPALNVTMPNNEQFDKLYIWGVHHPGTDKDQIFLYAQASGRITVSTKRSQQTAIPNIGSRXRVRNIPSRISIYWTIVKPGDILLINSTGNLIAPRGYFKIRSGKSSIMRSDAPIGKCNSECITPNGSIPNDKPFQNVNRITYGACPRYVKQNTLKLATGMRNVPEKQTR,A/PHILIPPINES/2191/2009
QKLPGNDNSTATLCLGHHAVPNGTIVKTITNDQIEVTNATELVQSSSTGEICDSPHQILDGKNCTLIDALLGDPQCDGFQNKKWDLFVERSKAYSNCYPYDVPDYASLRSLVASSGTLEFNNESFNWTGVTQNGTSSACIRRSKNSFFSRLNWLTHLNFKYPALNVTMPNNEQFDKLYIWGVHHPGTDKDQIFLYAQASGRITVSTKRSQQTVIPNIGSRPRVRNIPSRISIYWTIVKPGDILLINSTGNLIAPRGYFKIRSGKSSIMRSDAPIGKCNSECITPNGSIPNDKPFQNVNRITYGACPRYVKQNTLKLATGMRNVPEKQTR,A/HONGKONG/1985/2009
QKLPGNDNSTATLCLGHHAVPNGTIVKTITNDQIEVTNATELVQSSSTGEICDSPHQILDGKNCTLIDALLGDPQCDGFQNKKWDLFVERSKAYSNCYPYDVPDYASLRSLVASSGTLEFNNESFNWTGVTQNGTSSACIRRSKNSFFSRLNWLTHLNFKYPALNVTMPNNEQFDKLYIWGVHHPGTDKDQIFXYAQASGRITVSTKRSQQTAIPNIGSRPRVRNIPSRISIYWTIVKPGDILLINSTGNLIAPRGYFKIRSGKSSIMRSDAPIGKCNSECITPNGSIPNDKPFQNVNRITYGACPRYVKQNTLKLATGMRNVPEKQTR,A/WISCONSIN/15/2009
QKLPGNDNSTATLCLGHHAVPNGTIVKTITNDQIEVTNATELVQSSSTGEICDSPHQILDGKNCTLIDALLGDPQCDGFQNKKWDLFVERSKAYSNCYPYDVPDYASLRSLVASSGTLEFNNESFNWTGVTQNGTSSACIRRSKNSFFSRLNWLTHLNFKYPALNVTMPNNEQFDKLYIWGVLHPGTDKDQIFLYAQASGRITVSTKRSQQTVSPNIGSRPRVRNIPSRISIYWTIVKPGDILLINSTGNLIAPRGYFKIRSGKSSIMRSDAPIGKCNSECITPNGSIPNDKPFQNVNRITYGACPRYVKQNTLKLATGMRNVPEKQTR,A/PERTH/15/2009
QKLPGNDNSTATLCLGHHAVPNGTIVKTITNDQIEVTNATELVQSSSTGEICDSPHQILDGKNCTLIDALLGDPQCDGFQNKKWDLFVERSKAYSNCYPYDVPDYASLRSLVASSGTLEFNNESFNWTGVTQNGTSSACIRRSKNSFFSRLNWLTHLNFKYPALNVTMPNNEQFDKLYIWGVLHPGTDKDQIFLYAQASGRITVSTKRSQQTVSPNIGSRPRVRNIPSRISIYWTIVKPGDILLINSTGNLIAPRGYFKIRSGKSSIMRSDAPIGKCNSECITPNGSIPNDKPFQNVNRITYGACPRYVKQNTLKLATGMRNVPEKQTR,A/PERTH/16/2009
QKLPGNDNSTATLCLGHHAVPNGTIVKTITNDQIEVTNATELVQSSSTGEICNSPHQILDGENCTLIDALLGDPQCDGFQNKKWDLFVERSKAHSNCYPYDVPDYASLRSLVASSGTLEFNNESFNWTGVTQNGTSSACIRRSNNSFFSRLNWLTHLNFKYPALNVTMPNNEQFDKLYIWGVHHPGTDKDQIFLYAQASGRITVSTKRSQQAVIPNIGSRPRVRNIPSRVSIYWTIVKPGDILLINSTGNLIAPRGYFKIRSGKSSIMRSDAPIGKCNSACITPNGSIPNDKPFQNVNRITYGACPRYVKQNTLKLATGMRNVPEKQTR,A/PERTH/10/2010
QKLPGNDNSTATLCLGHHAVPNGTIVKTITNDQIEVTNATELVQSSSTGEICNSPHQILDGENCTLIDALLGDPQCDGFQNKKWDLFVERSKAHSNCYPYDVPDYASLRSLVASSGTLEFNNESFNWTGVTQNGTSSACIRRSNNSFFSRLNWLTHLNFKYPALNVTMPNNEQFDKLYIWGVHHPSTDKDQIFLYTQAAGRITVSTKRSQQAVIPNIGSRPRVRNIPSRVSIYWTIVKPGDILLINSXGNLIAPRGYFKIRSGKSSIMRSDAPIGKCNSACITPNGSIPNDKPFQNVNRITYGACPRYVKQNTLKLATGMRNVPEKQTR,A/IOWA/19/2010
QKLPGNDNSTATLCLGHHAVPNGTIVKTITNDQIEVTNATELVQSSSTGEICNSPHQILDGENCTLIDALLGDPQCDGFQNKKWDLFVERSKAHSNCYPYDVPDYASLRSLVASSGTLEFNNESFNWTGVTQNGTSSACIRRSNNSFFSRLNWLTHLNFKYPALNVTMPNNEQFDKLYIWGVLHPGTDKDQIFLYAQASGRITVSTKRSQQAVIPNIGSRPRVRNIPSRVSIYWTIVKPGDILLINSTGNLIAPRGYFKIRSGKSSIMRSDAPIGKCNSACITPNGSIPNDKPFQNVNRITYGACPRYVKQNTLKLATGMRNVPEKQTR,A/MONTANA/05/2011
QKLPGNDNSTATLCLGHHAVPNGTIVKTITNDQIEVTNATELVQSSSTGEICNSPHQILDGENCTLIDALLGDPQCDGFQNKKWDLFVERSKAHSNCYPYDVPDYASLRSLVASSGTLEFNNESFNWTGVTQNGTSSACIRRSNNSFFSRLNWLTQLNFKYPALNVTMPNNEQFDKLYIWGVHHPVTDKDQIFLYAQAAGRITVSTKRSQQAVIPNIGFRPRVRNIPSRVSIYWTIVKPGDILLINSTGNLIAPRGYFKIRSGKSSIMRSDAPIGKCNSTCITPNGSIPNDKPFQNINRITYGACPRYVKQNTLKLATGMRNVPEKQTR,A/ALASKA/5/2010
QKLPGNDNSTATLCLGHHAVPNGTIVKTITNDQIEVTNATELVQSSSTGEICNSPHQILDGENCTLIDALLGDPQCDGFQNKKWDLFVERSKAYSNCYPYDVPDYASLRSLVASSGTLEFNNESFNWTGVTQNGTSSSCIRRSNNSFFSRLNWLTHLKFKYPALNVTMPNNEQFDKLYIWGVHHPVTYNDQIFLYAQASGRITVSTKRSQQTVIPNIGSRPRVRNIPSRISIYWTIVKPGDILLINSTGNLIAPRGYFKIRSGKSSIMRSDAPIGKCNSECITPNGSIPNGKPFQNVNRITYGACPRYVKQNTLKLATGMRNVPEKQTR,A/BRISBANE/24/2008
QKLPGNDNSTATLCLGHHAVPNGTIVKTITNDQIEVTNATELVQSSSTGEICNSPHQILDGENCTLIDALLGDPQCDSFQNKKWDLFVERSKAHSNCYPYDVPDYASLRSLVASSGTLEFNNESFNWTGVTQNGTSSACIRRSNNSFFSRLNWLTHLNFKYPALNVTMPNNEQFDKLYIWGVHHPGTDKDQIFPYAQAAGRITVSTKRSQQAVIPNIGSRPRVRNIPSRVSIYWTIVKPGDILLINSTGNLIAPRGYFKIRSGKSSIMRSDAPIGKCNSACITPNGSIPNDKPFQNVNRITYGACPRYVKQNTLKLATGMRNVPEKQTR,A/GUADELOUPE/202/2010
QKLPGNDNSTATLCLGHHAVPNGTIVKTITNDQIEVTNATELVQSSSTGGICDSPHQILDGENCTLIDALLGDPQCDGFQNKKWDLFVERSKAYSNCYPYDVPDHASLRSLVASSGTLEFNNESFDWTGVTQNGTSSACKRRSNKSFFSRLNWLTHLKYKYPALNVTMPNNEKFDKLYIWGVHHPGTDSDQISLYAQASGRITVSTKRSQQTVIPNIGSRPRVRDISSRISIYWTIVKPGDILLINSTGNLIAPRGYFKIRSGKSSIMRSDAPIGKCNSECITPNGSIPNDKPFQNVNRITYGACPRYVKQNTLKLATGMRNVPEKQTR,A/CHRISTCHURCH/28/2003
QKLPGNDNSTATLCLGHHAVPNGTIVKTITNDQIEVTNATELVQSSSTGGICDSPHQILDGENCTLIDALLGDPQCDGFQNKKWDLFVERSKAYSNCYPYDVPDYASLRSLVASSGTLEFNDESFNWTGVTQNGTSSSCKRRSNNSFFSRLNWLTHLKFKYPALNVTMPNNEKFDKLYIWGVHHPVTDNDQIFLYAQASGRITVSTKRSQQTVIPNIGSRPRIRNIPSRISIYWTIVKPGDILLINSTGNLIAPRGYFKIRSGKSSIMRSDAPIGKCNSECITPNGSIPNDKPFQNVNRITYGACPRYVKQNTLKLATGMRNVPEKQTR,A/WISCONSIN/67/2005
QKLPGNDNSTATLCLGHHAVPNGTIVKTITNDQIEVTNATELVQSSSTGGICDSPHQILDGENCTLIDALLGDPQCDGFQNKKWDLFVERSKAYSNCYPYDVPDYASLRSLVASSGTLEFNNESFNWTGVTQNGTSSACKRKSNNSFFSRLNWLTHLKFKYPALNVTMPNNEKFDKLYIWGVHHPGTDNDQIFLYAQASGRITVSTKRSQQTVIPNIGSRPRVRNIPSRISIYWTIVKPGDILLINSTGNLIAPRGYFKIRSGKSSIMRSDAPIGKCNSECITPNGSIPNDKPFQNVNRITYGACPRYVKQNTLKLATGMRNVPEKQTR,A/HONGKONG/4443/2005
QKLPGNDNSTATLCLGHHAVPNGTIVKTITNDQIEVTNATELVQSSSTGGICDSPHQILDGENCTLIDALLGDPQCDGFQNKKWDLFVERSKAYSNCYPYDVPDYASLRSLVASSGTLEFNNESFNWTGVTQNGTSSACKRRSNKSFFSRLNWLTHLKFKYPALNVTMPNNEKFDKLYIWGVHHPGTDNDQISLYAQASGRITVSTKRSQQTVIPNIGSRPRVRDVPSRISIYWTIVKPGDILLINSTGNLIAPRGYFKIRSGKSSIMRSDAPIGKCNSECITPNGSIPNDKPFQNVNRITYGACPRYVKQNTLKLATGMRNVPEKQTR,A/WELLINGTON/1/2004
QKLPGNDNSTATLCLGHHAVPNGTIVKTITNDQIEVTNATELVQSSSTGGICDSPHQILDGENCTLIDALLGDPQCDGFQNKKWDLFVERSKAYSNCYPYDVPDYASLRSLVASSGTLEFNNESFNWTGVTQNGTSSACKRRSNKSFFSRLNWLTHLKYKYPALNVTMPNNEKFDKLYIWGVLHPGTDSDQISLYAQASGRITVSTKRSQQTVIPNIGSRPRVRGVSSRISIYWTIVKPGDILLINSTGNLIAPRGYFKIRSGKSSIMRSDAPIGKCNSECITPNGSIPNDKPFQNVNRITYGACPRYIKQNTLKLATGMRNVPEKQTR,A/FUJIAN/411/2002
QKLPGNDNSTATLCLGHHAVPNGTIVKTITNDQIEVTNATELVQSSSTGGICDSPHQILDGENCTLIDALLGDPQCDGFQNKKWDLFVERSKAYSNCYPYDVPDYASLRSLVASSGTLEFNNESFNWTGVTQNGTSSACKRRSNNSFFSRLNWLTHLKFKYPALNVTMPNNEKFDKLYIWGVHHPGTDNDQIFPYAQASGRIXVSTKRSQQTVIPNIGSRPRVRNIPSRISIYWTIVKPGDILLINSTGNLIAPRGYFKIRSGKSSIMRSDAPISKCNSECITPNGSIPNDKPFQNVNRITYGACPRYVKQNTLKLATGMRNVPEKQTR,A/SOFIA/319/2007
QKLPGNDNSTATLCLGHHAVPNGTIVKTITNDQIEVTNATELVQSSSTGGICDSPHQILDGENCTLIDALLGDPQCDGFQNKKWDLFVERSKAYSNCYPYDVPDYASLRSLVASSGTLEFNNESFNWTGVTQNGTSSACKRRSNNSFFSRLNWLTHLKFKYPALNVTMPNNEKFDKLYIWGVHHPGTDNDQISLYAQASGRITVSTKRSQQTVIPNIGSRPRVRDIPSRISIYWTIVKPGDILLINSTGNLIAPRGYFKIRSGKSSIMRSDAPIGKCNSECITPNGSIPNDKPFQNVNRITYGACPRYVKQNTLKLATGMRNVPEKQTR,A/FINLAND/486/2004
QKLPGNDNSTATLCLGHHAVPNGTIVKTITNDQIEVTNATELVQSSSTGGICDSPHQILDGENCTLIDALLGDPQCDGFQNKKWDLFVERSKAYSNCYPYDVPDYASLRSLVASSGTLEFNNESFNWTGVTQNGTSSACKRRSNNSFFSRLNWLTQLKFKYPALNVTMPNNEKFDKLYIWGVHHPVTDNXQISLYAQASGRITVSTKRSQQTVIPNIGSRPRVRDIPSRISIYWTIVKPGDMLLINSTGNLIAPRGYFKIRSGKSSIMRSDAPIGKCNSECITPNGSIPNDKPFQNVNRITYGACPRYVKQNTLKLATGMRNVPEKQTR,A/SINGAPORE/37/2004
QKLPGNDNSTATLCLGHHAVPNGTIVKTITNDQIEVTNATELVQSSSTGGICDSPHQILDGENCTLIDALLGDPQCDGFQNKKWDLFVERSKAYSNCYPYDVPDYASLRSLVASSGTLEFNNESFNWTGVTQNGTSSSCKRRSNNSFFSRLNWLTHLKFKYPALNVTMPNNEKFDKLYIWGVHHPGTNNDQISLYTQASGRITVSTKRSQQTVIPNIGSRPRVRDIPSRISIYWTIVKPGDILLINSTGNLIAPRGYFKIRSGKSSIMRSDAPIGKCNSECITPNGSIPNDKPFQNVNRITYGACPRYVKQNTLKLATGMRNVPEKQTR,A/CALIFORNIA/7/2004
QKLPGNDNSTATLCLGHHAVPNGTIVKTITNDQIEVTNATELVQSSSTGGICDSPHQILDGENCTLIDALLGDPQCDGFQNKKWDLFVERSKAYSNCYPYDVPDYASLRSLVASSGTLEFNNESFNWTGVTQNGTSSSCKRRSNNSFFSRLNWLTHLKFKYPALNVTMPNNEKFDKLYIWGVHHPVTDNDQIRLYAQASGRITVSTKRSQQTVIPNIGSRPRVRDIPSRISIYWTIVKPGDILLINSTGNLIAPRGYFKIRSGKSSIMRSDAPIGKCNSECITPNGSIPNDKPFQNVNRITYGACPRYVKQNTLKLATGMRNVPEKQTR,A/NEWYORK/55/2004
QKLPGNDNSTATLCLGHHAVPNGTIVKTITNDRIEVTNATELVQNSSIGEICDSPHQILDGENCTLIDALLGDPQCDGFQNKKWDLFVERSKAYSNCYPYDVPDYASLRSLVASSGTLEFNDESFNWAGVTQNGTSSACIRGSNSSFFSRLNWLTHSNFKYPALNVTMPNNEQFDKLYIWGVHHPGTDKDQIFLYAQSSGRITVSTKRSQQAVIPNIGSRPRIRNIPSRISIYWTIVKPGDILLINSTGNLIAPRGYFKIRSGKSSIMRSDAPIGKCKSECITPNGSIPNDKPFQNVNRITYGACPRYVKQSTLKLATGMRNVPEKQTR,A/POLAND/1702/2014
QKLPGNDNSTATLCLGHHAVPNGTIVKTITNDRIEVTNATELVQNSSIGEICDSPHQILDGENCTLIDALLGDPQCDGFQNKKWDLFVERSKAYSNCYPYDVPDYASLRSLVASSGTLEFNNENFNWAGVTQNGTSSACIRGSNSSFFSRLNWLTHLNFKYPALNVTMPNNEQFDKLYIWGVHHPGTDKDQIFLYAQSSGRITVSTKRSQQAVIPNIGSRPRIRNIPSRISIYWTIVKPGDILLINSTGNLIAPRGYFKIRSGKSSIMRSDAPIGKCKSECITPNGSIPNDKPFQNVNRITYGACPRYVKQSTLKLATGMRNVPEKQTR,A/SOUTHAFRICA/4655/2013
QKLPGNDNSTATLCLGHHAVPNGTIVKTITNDRIEVTNATELVQNSSIGEICDSPHQILDGENCTLIDALLGDPQCDGFQNKKWDLFVERSKAYSNCYPYDVPDYASLRSLVASSGTLEFNNESFNWAGVTQNGTSSACIRGSNSSFFSRLNWLTHLNFKYPALNVTMPNNEQFDKLYIWGVHHPGTDKDQIFLYAQSSGRITVSTKRSQQAVIPNIGSRPRIRNIPSRISIYWTIVKPGDILLINSTGNLIAPRGYFKIRSGKSSIMRSDAPIGKCKSECITPNGSIPNDKPFQNVNRITYGACPRYVKQSTLKLATGMRNVPEKQTR,A/NETHERLANDS/555/2012
QKLPGNDNSTATLCLGHHAVPNGTIVKTITNDRIEVTNATELVQNSSIGEICDSPHQILDGENCTLIDALLGDPQCDGFQNKKWDLFVERSKAYSNCYPYDVPDYASLRSLVASSGTLEFNNESFNWAGVTQNGTSSACIRGSNSSFFSRLNWLTHLNFKYPALNVTMPNNEQFDKLYIWGVHHPGTDKDQIFLYAQSSGRITVSTKRSQQAVIPNIGSRPRIRNIPSRISIYWTIVKPGDILLINSTGNLIAPRGYFKIRSGKSSIMRSDAPIGKCKSECITPNGSIPNDKPFQNVNRITYGACPRYVKQSTLKLATGMRNVPEKQTR,A/NEWYORK/39/2012
QKLPGNDNSTATLCLGHHAVPNGTIVKTITNDRIEVTNATELVQNSSIGEICDSPHQILDGENCTLIDALLGDPQCDGFQNKKWDLFVERSKAYSNCYPYDVPDYASLRSLVASSGTLEFNNESFNWAGVTQNGTSSACIRGSNSSFFSRLNWLTHLNFKYPALNVTMPNNEQFDKLYIWGVHHPGTDKDQIFLYAQSSGRITVSTKRSQQAVIPNIGSRPRIRNIPSRISIYWTIVKPGDILLINSTGNLIAPRGYFKIRSGKSSIMRSDAPIGKCKSECITPNGSIPNDKPFQNVNRITYGACPRYVKQSTLKLATGMRNVPEKQTR,A/SERBIA/NS-210/2013
QKLPGNDNSTATLCLGHHAVPNGTIVKTITNDRIEVTNATELVQNSSIGEICDSPHQILDGENCTLIDALLGDPQCDGFQNKKWDLFVERSKAYSNCYPYDVPDYASLRSLVASSGTLEFNNESFNWAGVTQNGTSSACKRGSNSSFFSRLNWLTHLNFKYPALNVTMPNNEQFDKLYIWGVHHPGTDKDQIFLYAQSSGRITVSTKRSQQAVIPNIGSRPRIRNIPSRISIYWTIVKPGDILLINSTGNLIAPRGYFKIRSGKSSIMRSDAPIGKCKSECITPNGSIPNDKPFQNVNRITYGACPRYVKQSTLKLATGMRNVPEKQTR,A/SAMARA/73/2013
QKLPGNDNSTATLCLGHHAVPNGTIVKTITNDRIEVTNATELVQNSSIGEICDSPHQILDGENCTLIDALLGDPQCDGFQNKKWDLFVERSKAYSNCYPYDVPDYASLRSLVASSGTLEFNNESFNWAGVTQNGTSSACKRGSNSSFFSRLNWLTHLNFKYPALNVTMPNNEQFDKLYIWGVHHPVTDKDQIFLYAQSSGRITVSTKRSQQAVIPNIGFRPRIRNIPSRISIYWTIVKPGDILLINSTGNLIAPRGYFKIRSGKSSIMRSDAPIGKCKSECITPNGSIPNDKPFQNVNRITYGACPRYVKQSTLKLATGMRNVPEKQTR,A/ALMATY/2958/2013
QKLPGNDNSTATLCLGHHAVPNGTIVKTITNDRIEVTNATELVQNSSIGEICDSPHQILDGENCTLIDALLGDPQCDGFQNKKWDLFVERSKAYSNCYPYDVPDYASLRSLVASSGTLEFNNESFNWAGVTQNGTSSACKRGSNSSFFSRLNWLTHLNFKYPALNVTMPNNEQFDKLYIWGVHHPVTDKDQIFLYAQSSGRITVSTKRSQQAVIPNIGFRPRIRNIPSRISIYWTIVKPGDILLINSTGNLIAPRGYFKIRSGKSSIMRSDAPIGKCKSECITPNGSIPNDKPFQNVNRITYGACPRYVKQSTLKLATGMRNVPEKQTR,NIB-85(A/ALMATY/2958/2013)
QKLPGNDNSTATLCLGHHAVPNGTIVKTITNDRIEVTNATELVQNSSIGEICDSPHQILDGENCTLIDALLGDPQCDGFQNKKWDLFVERSKAYSNCYPYDVPDYASLRSLVASSGTLEFNNESFNWAGVTQNGTSSSCIRGSNSSFFSRLNWLTHLNSKYPALNVTMPNNEQFDKLYIWGVHHPGTDKDQIFLYAQPSGRITVSTKRSQQAVIPNIGSRPRIRDIPSRISIYWTIVKPGDILLINSTGNLIAPRGYFKIRSGKSSIMRSDAPIGKCKSECITPNGSIPNDKPFQNVNRITYGACPRYVKQNTLKLATGMRNVPERQTR,A/BUCURESTI/193605/2016
QKLPGNDNSTATLCLGHHAVPNGTIVKTITNDRIEVTNATELVQNSSIGEICDSPHQILDGENCTLIDALLGDPQCDGFQNKKWDLFVERSKAYSNCYPYDVPDYASLRSLVASSGTLEFNNESFNWAGVTQNGTSSSCIRGSNSSFFSRLNWLTHLNSKYPALNVTMPNNEQFDKLYIWGVHHPGTDKDQIFLYAQSSGRITVSTKRSQQAVIPNIGSRPRIRDIPSRISIYWTIVKPGDILLINSTGNLIAPRGYFKIRSGKSSIMRSDAPIGKCKSECITPNGSIPNDKPFQNVNRITYGACPRYVKQSTLKLATGMRNVPERQTR,A/NORTHCAROLINA/13/2014
QKLPGNDNSTATLCLGHHAVPNGTIVKTITNDRIEVTNATELVQNSSIGEICDSPHQILDGENCTLIDALLGDPQCDGFQNKKWDLFVERSKAYSNCYPYDVPDYASLRSLVASSGTLEFNNESFNWAGVTQNGTSSSCIRGSNSSFFSRLNWLTHLNSKYPALNVTMPNNEQFDKLYIWGVHHPGTDKDQIFLYAQSSGRITVSTKRSQQAVIPNIGSRPRIRDIPSRISIYWTIVKPGDILLINSTGNLIAPRGYFKIRSGKSSIMRSDAPIGKCKSECITPNGSIPNDKPFQNVNRITYGACPRYVKQSTLKLATGMRNVPERQTR,A/NORWAY/466/2014
QKLPGNDNSTATLCLGHHAVPNGTIVKTITNDRIEVTNATELVQNSSIGEICDSPHQILDGENCTLIDALLGDPQCDGFQNKKWDLFVERSKAYSNCYPYDVPDYASLRSLVASSGTLEFNNESFNWAGVTQNGTSSSCIRGSNSSFFSRLNWLTHLNSKYPALNVTMPNNEQFDKLYIWGVHHPGTDKDQIFLYAQSSGRITVSTKRSQQAVIPNIGSRPRIRDIPSRISIYWTIVKPGDILLINSTGNLIAPRGYFKIRSGKSSIMRSDAPIGKCKSECITPNGSIPNDKPFQNVNRITYGACPRYVKQSTLKLATGMRNVPERQTR,A/SWITZERLAND/9715293/2013
QKLPGNDNSTATLCLGHHAVPNGTIVKTITNDRIEVTNATELVQNSSIGEICDSPHQILDGENCTLIDALLGDPQCDGFQNKKWDLFVERSKAYSNCYPYDVPDYASLRSLVASSGTLEFNNESFNWAGVTQNGTSSSCIRGSNSSFFSRLNWLTHLNXKYPALNVTMPNNEQFDKLYIWGVHHPGTDKDQIFLYAQSSGRITVSTKRSQQAVIPNIGSRPRIRDIPSRISIYWTIVKPGDILLINSTGNLIAPRGYFKIRSGKSSIMRSDAPIGKCKSECITPNGSIPNDKPFQNVNRITYGACPRYVKQSTLKLATGMRNVPEKQTR,A/STOCKHOLM/6/2014
QKLPGNDNSTATLCLGHHAVPNGTIVKTITNDRIEVTNATELVQNSSIGEICDSPHQILDGENCTLIDALLGDPQCDGFQNKKWDLFVERSKAYSNCYPYDVPDYASLRSLVASSGTLEFNNESFNWNGVTQNGTSSACIRRSNNSFFSRLNWLTHLNFKYPALNVTMPNNEQFDKLYIWGVHHPVTDKDQIFLYAQPSGRITVSTKRSQQAVIPNIGFRPRIRNIPSRISIYWTIVKPGDILLINSTGNLIAPRGYFKIRSGKSSIMRSDAPIGKCKSECITPNGSIPNDKPFQNVNRITYGACPRYVKQSTLKLATGMRNVPEKQTR,A/TEXAS/50/2012
QKLPGNDNSTATLCLGHHAVPNGTIVKTITNDRIEVTNATELVQNSSIGEICDSPHQILDGENCTLIDALLGDPQCDGFQNKKWDLFVERSKAYSNCYPYDVPDYASLRSLVASSGTLEFNNESFNWTGVTQNGTSSACIRRSNNSFFSRLNWLTHLNFKYPALNVTMPNNEQFDKLYIWGVHHPGTDKDQIFLYAQSSGRITVSTKRSQQAVIPNIGSRPRIRNIPSRISIYWTIVKPGDILLINSTGNLIAPRGYFKIRSGKSSIMRSDAPIGKCKSECITPNGSIPNDKPFQNVNRITYGACPRYVKQSTLKLATGMRNVPEKQTR,A/GLASGOW/407664/2012
QKLPGNDNSTATLCLGHHAVPNGTIVKTITNDRIEVTNATELVQNSSIGEICDSPHQILDGENCTLIDALLGDPQCDGFQNKKWDLFVERSKAYSNCYPYDVPDYASLRSLVASSGTLEFNNESFNWTGVTQNGTSSACIRRSNNSFFSRLNWLTHLNFKYPALNVTMPNNEQFDKLYIWGVHHPGTDKDQIFLYAQSSGRITVSTKRSQQAVIPNIGSRPRIRNIPSRISIYWTIVKPGDILLINSTGNLIAPRGYFKIRSGKSSIMRSDAPIGKCKSECITPNGSIPNDKPFQNVNRITYGACPRYVKQSTLKLATGMRNVPEKQTR,A/NORWAY/1789/2011
QKLPGNDNSTATLCLGHHAVPNGTIVKTITNDRIEVTNATELVQNSSIGEICDSPHQILDGENCTLIDALLGDPQCDGFQNKKWDLFVERSKAYSNCYPYDVPDYASLRSLVASSGTLEFNNESFNWTGVTQNGTSSACIRRSNNSFFSRLNWLTHSNFKYPALNVTMPNNEQFDKLYIWGVHHPVTDKDQIFLYAQSSGRITVSTKRSQQAVIPNIGSRPRIRNSPSRISIYWTIVKPGDILLINSTGNLIAPRGYFKIRSGKSSIMRSDAPIGKCKSECITPNGSIPNDKPFQNVNRITYGACPRYVKQSTLKLATGMRNVPEKQTR,A/HAWAII/22/2012
QKLPGNDNSTATLCLGHHAVPNGTIVKTITNDRIEVTNATELVQNSSIGEICDSPHQILDGENCTLIDALLGDPQCDGFQNKKWDLFVERSKAYSNCYPYDVPDYASLRSLVASSGTLEFNNESFNWTGVTQNGTSSACIRRSNNSFFSRLNWLTRLNFKYPALNVTMPNNEQFDKLYIWGVHHPSTDKDQIFLYAQSSGRITVSTKRSQQAVIPNIGSRPRIRNIPSRISIYWTIVKPGDILLINSTGNLIAPRGYFKIRSGKSSIMRSDAPIGKCKSECITPNGSIPNDKPFQNVNRITYGACPRYVKQSTLKLATGMRNVPEKQTR,A/BERLIN/93/2011
QKLPGNDNSTATLCLGHHAVPNGTIVKTITNDRIEVTNATELVQNSSIGEICDSPHQILDGENCTLIDALLGDPQCDGFQNKKWDLFVERSKAYSNCYPYDVPDYASLRSLVASSGTLEFNNESFNWTGVTQNGTSSACIRRSNSSFFSRLNWLTHLNFKYPALNVTMPNNEQFDKLYIWGVHHPGTDKDQIFLYAQSSGRITVSTKRSQQAVIPNIGSRPRIRNIPSRISIYWTIVKPGDILLINSTGNLIAPRGYFKIRSGKSSIMRSDAPIGKCKSECITPNGSIPNDKPFQNVNRITYGACPRYVKQNTLKLATGMRNVPEKQTR,A/HONGKONG/146/2013
QKLPGNDNSTATLCLGHHAVPNGTIVKTITNDRIEVTNATELVQNSSIGEICDSPHQILDGENCTLIDALLGDPQCDGFQNKKWDLFVERSKAYSNCYPYDVPDYASLRSLVASSGTLEFNNESFNWTGVTQNGTSSACIRRSNSSFFSRLNWLTHLNFKYPALNVTMPNNEQFDKLYIWGVHHPGTDKDQIFLYAQSSGRITVSTKRSQQAVIPNIGSRPRIRNIPSRISIYWTIVKPGDVLLINSTGNLIAPRGYFKIRSGKSSIMRSDAPIGKCKSECITPNGSISNDKPFQNVNRITYGACPRYVKQSTLKLATGMRNVPEKQTR,A/STOCKHOLM/1/2013
QKLPGNDNSTATLCLGHHAVPNGTIVKTITNDRIEVTNATELVQNSSIGEICDSPHQILDGKNCTLIDALLGDPQCDGFQNKRWDLFVERSKAYSNCYPYDVPDYASLRSLVASSGTLEFNDESFNWAGVTQNGTSSACIRGSNSSFFSRLNWLTHSNFKYPALNVTMPNNEQFDKLYIWGVHHPGTDKDQIFLYAHSSGRITVSTKRSQQAVIPNIGSRPRIRNIPSRISIYWTIVKPGDILLINSTGNLIAPRGYFKIQSGKSSIMRSDAPIGKCKSECITPNGSIPNDKPFQNVNRITYGACPRYVKQSTLKLATGMRNVPEKQTR,A/NETHERLANDS/525/2014
QKLPGNDNSTATLCLGHHAVPNGTLVKTITNDQIEVTNATELVQSSSTGRICDSPHQILDGENCTLIDALLGDPHCDGFQNKEWDLFVERSKAYSNCYPYDVPDYVSLRSLVASSGTLEFNNESFNWTGVAQNGTSSACKRRSDKSFFSRLNWLHQLKYKYPALNVTMPNNEKFDKLYIWGVHHPGTDSDQISLYAQASGRVTVSTKRSQQTVIPNIGSRPWVRGVSSRISIYWTIVKPGDILLINSTGNLIAPRGYFKIRSGKSSIMRSDAPIGKCNSECITPNGSIPNDKPFQNVNRITYGACPRYVKQNTLKLATGMRNVPEKQTR,A/FINLAND/170/2003
QKLPGNDNSTATLCLGHHAVSNGTLVKTITNDQIEVTNATELVQSSSTGRICDSPHQILDGENCTLIDALLGDPHCDGFQNKEWDLFVERSKAYSNCYPYDVPDYASLRSLVASSGTLEFNNESFNWTGVAQNGTSSACKRRSNKSFFSRLNWLHQLKYKYPALNVTMPNNEKFDKLYIWGVHHPSTDSDQISIYAQASGRVTVSTKRSQQTVIPNIGSSPWVRGVSSRISIYWTIVKPGDILLINSTGNLIAPRGYFKIRSGKSSIMRSDAPIGKCNSECITPNGSIPNDKPFQNVNRITYGACPRYVKQNTLKLATGMRNVPEKQTR,A/PANAMA/2007/1999
QKLPGNDNSTATLCLGHHSVPNGTIVKTITNDRIEVTNATELVQNSSIGEICDSPHQILDGENCTLIDALLGDPQCDGFQNKKWDLFVERSKAYSNCYPYDVPDYASLRSLVASSGTLEFNNESFNWAGVTQNGTSSSCIRGSNSSFFSRLNWLTHLNSKYPALNVTMPNNEQFDKLYIWGVHHPGTDKDQIFLYAQSSGRITVSTKRSQQAVIPNIGSRPRIRDIPSRISIYWTIVKPGDILLINSTGNLIAPRGYFKIRSGKSSIMRSDAPIGKCKSECITPNGSIPNDKPFQNVNRITYGACPRYVKQSTLKLATGMRNVPERQTR,A/PALAU/6759/2014
QKLPGNDNSTATLCLGHHSVPNGTIVKTITNDRIEVTNATELVQNSSIGEICDSPHQILDGENCTLIDALLGDPQCDGFQNKKWDLFVERSKAYSNCYPYDVPDYASLRSLVASSGTLEFNNESFNWAGVTQNGTSSSCIRGSNSSFFSRLNWLTHLNSKYPALNVTMPNNEQFDKLYIWGVHHPGTDKDQIFLYAQSSGRITVSTKRSQQAVIPNIGSRPRIRDIPSRISIYWTIVKPGDILLINSTGNLIAPRGYFKIRSGKSSIMRSDAPIGKCKSECITPNGSIPNDKPFQNVNRITYGACPRYVKQSTLKLATGMRNVPERQTR,NIB-87(A/PALAU/6759/2014)
QKLPGNYNSTATLCLGHHAVPNGTIVKTITNDQIEVTNATELVQSSSTGGICDSPHQILDGENCTLIDALLGDPQCDGFQNKKWDLFVERSKAYSNCYPYDVPDYASLRSLVASSGTLEFNNESFNWTGVTQNGTSSACKRGSDNSFFSRLNWLTHLKFKYPALNVTMPNNEKFDKLYIWGVHHPGTDNDQIFPYAQASGRITVSTKRSQQTVIPNIGSRPRVRNIPSRISIYWTIVKPGDILLINSTGNLIAPRGYFKIRSGKSSIMRSDAPIGKCNSECITPNGSIPNDKPFQNVNRITYGACPRYVKQNTLKLATGMRNVPEKQTR,A/HENAN/JINSHUI/147/2007
QKLPGNDNSTATLCLGHHAVPNGTIVKTITNDQIEVTNATELVQSSSTGGICDSPHQILDGENCTLIDALLGDPQCDGFQNKKWDLFVERSKAYSNCYPYDVPDYASLRSLVASSGTLEFNNESFNWAGVTQNGTSSACKRRSNKSFFSRLNWLTHLKYKYPALNVTMPNNEKFDKLYIWGVHHPVTDSEQISLYAQASGRITVSTKRSQQTVIPNIGYRPRVRDISSRISIYWTIVKPGDILLINSTGNLIAPRGYFKIRSGKSSIMRSDAPIGKCNSECITPNGSIPNDKPFQNVNRITYGACPRYVKQNTLKLATGMRNVPEKQTR,A/WYOMING/3/2003
QKIPGNDNSTATLCLGHHAVPNGTIVKTITNDRIEVTNATELVQNSSIGEICDSPHQILDGGNCTLIDALLGDPQCDGFQNKKWDLFVERSRAYSNCYPYDVPDYASLRSLVASSGTLEFKNESFNWAGVTQNGKSFSCIRGSSSSFFSRLNWLTHLNYTYPALNVTMPNKEQFDKLYIWGVHHPGTDKDQISLYAQSSGRITVSTKRSQQAVIPNIGSRPRIRDIPSRISIYWTIVKPGDILLINSTGNLIAPRGYFKIRSGKSSIMRSDAPIGKCKSECITPNGSIPNDKPFQNVNRITYGACPRYVKQSTLKLATGMRNVPEKQTR,A/HONGKONG/2669/2019
QKIPGNDNSTATLCLGHHAVPNGTIVKTITNDRIEVTNATELVQNSSIGEICDSPHQILDGGNCTLIDALLGDPQCDGFQNKKWDLFVERSRAYSNCYPYDVPDYASLRSLVASSGTLEFKNESFNWAGVTQNGKSFSCIRGSSSSFFSRLNWLTHLNYTYPALNVTMPNKEQFDKLYIWGVHHPGTDKDQISLYAQSSGRITVSTKRSQQAVIPNIGSRPRIRDIPSRISIYWTIVKPGDILLINSTGNLIAPRGYFKIRSGKSSIMRSDAPIGKCKSECITPNGSIPNDKPFQNVNRITYGACPRYVKQSTLKLATGMRNVPEKQTR,A/HONGKONG/2671/2019
QKLPGNDNSTATLCLGHHAVPNGTIVKTITNDRIEVTNATELVQNSSIGEICDSPHQILDGENCTLIDALLGDPQCDGFQNKKWDLFVERSKAYSNCYPYDVPDYASLRSLVASSGTLEFNNESFNWTGVTQNGTSSACIRRSNNSFFSRLNWLTHLNFKYPALNVTMPNNEQFDKLYIWGVHHPGTDKDQIFLYAQSSGRITVSTKRSQQAVIPNIGSRPRIRNIPSRISIYWTIVKPGDILLINSTGNLIAPRGYFKIRSGKSSIMRSDAPIGKCKSECITPNGSIPNDKPFQNVNRITYGACPRYVKQSTLKLATGMRNVPEKQTR,A/FINLAND/190/2011
QKIPGNDNSTATLCLGHHAVPNGTIVKTITNDRIEVTNATELVQNSSIGEICDSPHQILDGGNCTLIDALLGDPQCDGFQNKEWDLFVERSRANSNCYPYDVPDYASLRSLVASSGTLEFKNESFNWTGVKQNGTSSACIRGSSSSFFSRLNWLTHLNYTYPALNVTMPNNEQFDKLYIWGVHHPSTDKDQISLFAQPSGRITVSTKRSQQAVIPNIGSRPRIRDIPSRISIYWTIVKPGDILLINSTGNLIAPRGYFKIRSGKSSIMRSDAPIGKCKSECITPNGSIPNDKPFQNVNRITYGACPRYVKQSTLKLATGMRNVPEKQTR,A/CAMBODIA/925256/2020
QKLPGNDNSTATLCLGHHAVPNGTIVKTITNDQIEVTNATELVQSSSTGEICDRPHQILDGENCTLIDALLGDPQCDGFQNKKWDLFVERSKAYSNCYPYDVPDYASLRSLVASSGTLEFNNESFNWTGVTQNGTSSACIRRSNSSFFSRLNWLTHLNFKYPALNVTMPNNEQFDKLYIWGVHHPGTDKDQIFLYAQSSGRITVSTKRSQQAVIPNIGSRPRIRNIPSRISIYWTIVKPGDILLINSTGNLIAPRGYFKIRSGKSSIMRSDAPIGKCNSECITPNGSIPNDKPFQNVNRITYGACPRYVKQSTLKLATGMRNVPEKQTR,A/ATHENS/GR112/2012
QKIPGNDNSTATLCLGHHAVPNGTIVKTITNDRIEVTNATELVQNSSIGKICNSPHQILDGGNCTLIDALLGDPQCDGFQNKEWDLFVERSRANSSCYPYDVPDYASLRSLVASSGTLEFKNESFNWTGVKQNGTSSACRRGSSSSFFSRLNWLTSLNNIYPAQNVTMPNKEQFDKLYIWGVHHPDTDKNQFSLFAQSSGRITVSTKRSQQAVIPNIGSRPRVRDIPSRISIYWTIVKPGDILLINSTGNLIAPRGYFKIRSGKSSIMRSDAPIGKCKSECITPNGSIPNDKPFQNVNRITYGACPRYVKQSTLKLATGMRNVPEKQTR,A/GHANA/1724/2022
QKLPGIDNSTATLCLGHHAVPNGTIVKTITNDQIEVTNATELVQSSSTGEICDSPHQILDGENCTLIDALLGDPQCDGFQNKKWDLFVERSKAYSNCYPYDVPDYASLRSLVASSGTLEFNNESFNWAGVTQNGTSSACKRGSNNSFFSRLNWLTQSKFKYPALNVTMPNNEEFDKLYIWGVHHPVTDNDQIFLYAQASGRITVSTKRSQQTVIPNIGSRPRVRNIPSRISIYWTIVKPGDILLINSTGNLIAPRGYFKIRSGKSSIMRSDAPIGKCNSECITPNGSIPNDKPFQNVNRITYGACPRYVKQNTLKLATGMRNVPEKQTR,A/NEPAL/921/2006
QKFPGNDNSTATLCLGHHAVPNGTIVKTITNDQIEVTNATELVQSSSTGEICDSPHQILDGENCTLIDALLGDPQCDGFQNKNWDLFVERSKAYSNCYPYDVPDYASLRSLVASSGTLEFNNESFNWTGVTQNGTSSACIRRSNNSFFSRLNWLTHSKFKYPALNVTMPNNENFDKLYIWGVHHPGTDNDQIFLYAQASGRITVSTKRSQQTVIPNIGSRPRVRNIPSRISIYWTIVKPGDILLINSTGNLIAPRGYFKIRSGKSSIMRSDAPIGKCNSECITPNGSIPNDKPFQNVNRITYGACPR----------------------,A/JOHANNESBURG/15/2008
QKLPGNDNSTATLCLGHHAVPNGTIVKTITNDQIEVTNATELVQ----------------------------------------------------------PDYASLRSLVASSGTLEFNNESFNWTGVTQNGTSSACIRRSNNSFFSRLNWLTHLKFKYPALNVTMPNNEKFDKLYIWGVHHPGTDNDQIFLYAQASGRITVSTKRSQQTVIPNIGSRPRVRNIPSRISIYWTIVKPGHTFD*QHRGNLIAPRGYFKIRSGKSSIMRSDAPIGKCNSECITPNGSIPNDKPFQNVNRITYGACPRYVKQNTLKLATGMRNVPEKQTR,A/TRIESTE/25C/2007
QKLPGNDNSTATLCLGHHAVPNGTIVKTITNDQIEVTNATELVQSSSTGEICDSPHQILDGENCTLIDALLGDPQCDGFQNKKWDLFVERSKAYSNCYPYDVPDYASLRSLVASSGTLEFNNESFNWTGVTQNGTSSACIRRSNNSFFSRLNWLTHLKFKYPALNVTMPNNEKFDKLYIWGVHHPGTDNDQIFLYAQASGRITVSTKRSQQTVIPNIGSRPRVRNIPSRISIYWTIVKPGDILLINSTGNLIAPRGYFKIRSGKSSIMRSDAPIGKCNSECITPNGSIPNDKPFQNVNRITYGACPRYVKQNTLKLATGMRNVPEKQTR,A/BRISBANE/10/2007
QKLPGNDNSTATLCLGHHAVPNGTIVKTITNDQIEVTNATELVQSSSTGEICDSPHQILDGENCTLIDALLGDPQCDGFQNKKWDLFVERSKAYSNCYPYDVPDYASLRSLVASSGTLEFNNESFNWTGVTQNGTSSACKRRSNNSFFSRLNWLTHLKFKYPALNVTMPNNEKFDKLYIWGVHHPVTDNDQIFLYAQASGRITVSTKRSQQTVIPNIGSRPRVRNIPSRISIYWTIVKPGDILLINSTGNLIAPRGYFKIRSGKSSIMRSDAPIGKCNSECITPNGSIPNDKPFQNVNRITYGACPRYVKQNTLKLATGMRNVPEKQTR,A/SENDAI/F131/2006
QKLPGNDNSTATLCLGHHAVPNGTIVKTITNDQIEVTNATELVQSSSTGEICDSPHQILDGKNCTLIDALLGDPQCDGFQNKKWNLFVERSKAYSNCYPYDVPDYASLRSLVASSGTLEFNNESFNWTGVTQNGTSSACIRRSKNSFFSRLNWLTHLNFKYPALNVTMPNNEQFDKLYIWGVHHPGTDKDQIFLYAQASGRITVSTKRNQQTVIPNIGSRPRVRNIPSRISIYWTIVKPGDILLINSTGNLIAPRGYFKIRSGKSSIMRSDAPIGKCNSECITPNGSIPNDKPFQNVNRITYGACPRYVKQNTLKLATGMRNVPEKQTR,A/NIIGATA/403/2009
QKLPGNDNSTATLCLGHHAVPNGTIVKTITNDQIEVTNATELVQSSSTGGICDSPHQILDGENCTLIDALLGDPQCDGFQNKKWDLFVERSKAHSNCYPYDVPDYASLRSLIASSGTLEFNNESFNWTGVTQNGTSSACKRRSNQSFFSRLNWLTHLKFKYPALNVTMPNNEKFDKLYIWGVHHPVTDSEQISLYAQAPGRITVSTKRSQQTVIPNIGYRPRVRDISSRISIYWTIVKPGDILLINSTGNLIAPRGYFKIRSGKSSIMKSDAPIGKCNSECITPNGSIPNDKPFQNVNRITYGACPRYVKQNTLKLATGMRNVPEKQTR,A/VICTORIA/500/2004
QKLPGNDNSTATLCLGHHAVPNGTIVKTITNDQIEVTNATELVQSSSTGGICDSPHQILDGENCTLIDALLGDPQCDGFQNKKWDLFVERSKAYSNCYPYDVPDYASLRSLIASSGTLEFNNESFNWTGVTQNGTSSACKRRSNNSFFSRLNWLTHLKFKYPALNVTMPNNEEFDKLYIWGVHHPGTDNDQISLYAQAPGRITVSTKRSQQTVIPNIGSRPRVRDIPSRISIYWTIVKPGDILLINSTGNLIAPRGYFKIRSGKSSIMRSDAPIGKCKSECITPNGSIPNDKPFQNVNRITYGACPRYVKQNTLKLATGMRNVPEKQTR,A/LYON/636/2006
QKLPGNDNSTATLCLGHHAVPNGTIVKTITNDQIEVTNATELVQSSSTGGICDSPHQILDGENCTLIDALLGDPQCDGFQNKKWDLFVERSKAYSNCYPYDVPDYASLRSLIASSGTLEFNNESFNWTGVTQNGTSSACKRRSNNSFFSRLNWLTHLKFKYPALNVTMPNNEEFDKLYIWGVHHPGTDNDQISLYAQAPGRITVSTKRSQQTVIPNIGSRPRVRDIPSRISIYWTIVKPGDILLINSTGNLIAPRGYFKIRSGKSSIMRSDAPIGKCNSECITPNGSIPNDKPFQNVNRITYGACPRYVKQNTLKLATGMRNVP-----,A/BERLIN/2/2006
QKLPGNDNSTATLCLGHHAVPNGTIVKTITNDQIEVTNATELVQSSSTGGICDSPHQILDGENCTLIDALLGDPQCDGFQNKKWDLFVERSKAYSNCYPYDVPDYASLRSLVASSGTLEFNNESFNWTGVTQNGTSSACKRRSNKSFFSRLNWLTHLKYKYPALNVTMPNNEKFDKLYIWGVLHPGTDSDQISLYTQASGRITVSTKRSQQTVIPNIGSRPRVRDVSSRISIYWTIVKPGDILLINSTGNLIAPRGYFKIRSGKSSIMRSDAPIGKCNSECITPNGSIPNDKPFQNVNRITYGACPRYVKQNTLKLATGMRNVPEKQTR,A/UNITEDKINGDOM/1861/2003
QKLPGNDNSTATLCLGHHAVPNGTIVKTITNDQIEVTNATELVQSSSTGGICDSPHQILDGENCTLIDALLGDPQCDGFQNKKWDLFVERSKAYSNCYPYDVPDYASLRSLVASSGTLEFNNESFNWTGVTQNGTSSACKRRSNNSFFSRLNWLTHLKFKYPALNVTMPNNEKFDKLYIWGVHHPGTDNDQIFLYAQASGRITVSTKRSQQTVIPNIGSRPRVRNIPSRISIYWTIVKPGDILLINSTGNLIAPRGYFKIRSGKSSIMRSDAPIGKCNSECITPNGSIPNDKPFQNVNRITYGACPRYVKQNTLKLATGMRNV------,A/SLOVAKIA/134/2006
QKLPGNDNSTATLCLGHHAVPNGTIVKTITNDQIEVTNATELVQSSSTGGICDSPHQILDGENCTLIDALLGDPQCDGFQNKKWDLFVERSKAYSNCYPYDVPDYASLRSLVASSGTLEFNNESFNWTGVTQNGTSSACKRRSNNSFFSRLNWLTHLKFKYPALNVTMPNNEKFDKLYIWGVHHPGTDNDQIFPYAQASGRITVSTKRSQQTVIPNIGSRPRVRNIPSRISIYWTIVKPGDILLINSTGNLIAPRGYFKIRSGKSSIMRSDAPIGKCNSECITPNGSIPNDKPFQNVNRITYGACPRYVKQNTLKLATGMRNVPEKQTR,A/ANHUI/1238/2005
QKLPGNDNSTATLCLGHHAVPNGTIVKTITNDQIEVTNATELVQSSSTGGICDSPHQILDGENCTLIDALLGDPQCDGFQNKKWDLFVERSKAYSNCYPYDVPDYASLRSLVASSGTLEFNNESFNWTGVTQNGTSSACKRRSNNSFFSRLNWLTHLKFKYPALNVTMPNNEKFDKLYIWGVHHPGTDYDQISLYAQASGRITVSTKRSQQTVIPNIGSRPRVRDIPSRISIYWTIVKPGDILLINSTGNLIAPRGYFKIRSGKSSIMRSDAPIGKCKSECITPNGSIPNDKPFQNVNRITYGACPRYVKQNTLKLATGMRNVPEKQTR,A/NORTHDAKOTA/1/2004
QKLPGNDNSTATLCLGHHAVPNGTIVKTITNDQIEVTNATELVQSSSTGGICDSPHQILDGENCTLIDALLGDPQCDGFQNKKWDLFVERSKAYSNCYPYDVPDYASLRSLVASSGTLEFNNESFNWTGVTQNGTSSSCKRRSNDSFFSRLNWLTHLKFKYPALNVTMPNNEKFDKLYIWGVHHPGTDNDQISLYAQASGRITVSTKRSQQTVIPNIGSRPRVRDISSRISIYWTIVKPGDILLINSTGNLIAPRGYFKIRSGKSSIMRSDAPIGKCNSECITPNGSIPNDKPFQNVNRITYGACPRYVKQNTLKLATGMRNVPETQTR,A/SHANTOU/1219/2004
QKLPGNDNSTATLCLGHHAVPNGTIVKTITNDQIEVTNATELVQSSSTGGICDSPHQILDGENCTLIDALLGDPQCDGFQNKKWDLFVERSKAYSNCYPYDVPDYASLRSLVASSGTLEFNNESFNWTGVTXNGTSSACKRRSNNSFFSRLNWLTHLKFKYPALNVTMPNNEKFDKLYIWGVHHPGTDNDQISLYAQASGRITVSTKRSQQTVIPNIGSRPRVRDIPSRISIYWTIVKPGDILLINSTGNLIAPRGYFKIRSGKSSIMRSDAPIGKCNSECITPNGSIPNDKPFQNVNRITYGACPRYVKQNTLKLATGMRNVPEKQTR,A/VICTORIA/513/2004
QKLPGNDNSTATLCLGHHAVPNGTIVKTLTNDQIEVTNATELVQSSSTGGICDSPHQILDGENCTLIDALLGDPQCDDFQNKKWDLFVERSKAYSNCYPYDVPDYASLRSLVASSGTLEFNNESFNWTGVTQNGTSSACKRRSNNSFFSRLNWLTHLKFKYPALNVTMPNNEKFDKLYIWGVHHPGTDNDQIFPYAQASGRITVSTKRSQQTVIPNIGSRPRVRNIPSRISIYWTIVKPGDILLINSTGNLIAPRGYFKIRSGKSSIMRSDAPIGKCNSECITPNGSIPNDKPFQNVNRITYGACPRYVRQNTLKLATGMRNVPEKQTR,A/HIROSHIMA/33/2006
QKLPGNDNSTATLCLGHHAVPNGTLVKTITNDQIEVTNATELVQSSSTGGICDSPHQILDGENCTLIDALLGDPHCDGFQNKKWDLFVERSKAYSSCYPYDVPDYASLRSLVASSGTLEFNNESFNWTGVAQNGTSSACKRRSNKSFFSRLNWLHQLKYKYPALNVTMPNNEKFDKLYIWGVHHPVTDSDQISIYAQASGRITVSTKRSQQTVIPNIGSRPRVRDVSSRISIYWTIVKPGDILLINSTGNLIAPRGYFKIRSGKSSIMRSDAPIGKCNSECITPNGSIPNDKPFQNVNRITYGACPRYVKQNTLKLATGMRNVPEKQTR,A/HONGKONG/1550/2002
QKLPGNDNSTATLCLGHHAVPNGTLVKTITNDQIEVTNATELVQSSSTGRICDSPHQILDGENCTLIDALLGDPHCDGFQNKEWDLFVERSKAYSNCYPYDVPDYVSLRSLVASSGTLEFNNESFNWTGVAQNGTSSACKRRSDKSFFSRLNWLHQLKYKYPSLNVTMPNNEKFDKLYIWGVHHPGTDSDQISLYAQASGRVTVSTKRSQQTVIPNIGSGPWVRGVSSRISIYWTIVKPGDILLINSTGNLIAPRGYFKIRSRKSSIMRSDAPIGKCNSECITPNGSIPNDKPFQNVNKITYGPCPRYVKQKTLKLATGMRNVPEKQTR,A/EGYPT/130/2002
QKLPGNDNSTATLCLGHHAVPNGTLVKTITNDQIEVTNATELVQSSSTSRICDSPHQILDGENCTLIDALLGDPHCDGFQNKEWDLFVERSKAYSNCYPYDVPDYVSLRSLVASSGTLEFNNESFNWTGVAQNGTSSACKRRSDKSFFSRLNWLHQLKYKYPALNVTMPNNEKFDKLYIWGVHHPGTDSDQISIYAQASGRVTVSTKRSQQTVIPNIGSRPWVRGVSSGISIYWTIVKPGDILLINSTGNLIAPRGYFKIRSGKSSIMRSDAPIGKCNSECITPNGSIPNDKPFQNVNRITYGACPRYVKQNTLKLATGMRNVPEKQTR,A/NEWYORK/55/2001
QKLPGNDNSTATLCLGHHAVPNGTMVKTITNDQIEVTNATELVQSSSTGEICDSPHQILDGENCTLIDALLGDPQCDGFQNKKWDLFVERSKAHSNCYPYDVPDYASLRSLIASSGTLEFNNESFNWTGVTQNGTSSACKRRSDNSFFSRLNWLTHLKFKYPALNVTMPNNEEFDKLYIWGVHHPGTDNDQISLYAQASGRITVSTKRSQQTVIPNIGSRPRVRDIPSRISIYWTIVKPGDILLINSTGNLIAPRGYFKIRSGKSSIMRSDAPIGKCNSGCITPNGSIPNDKPFQNVNRITYGACPRYVKQNTLKLATG----------,A/BAYERN/4/2006
